type,name,state,lat,lon,to_spgr,elev,dt_reached,comment
FEATURE,Amicalola Falls State Park,GA,34.557789,-84.249489,-8.8,1800,2017-03-13T10:03:00,
SHELTER,Black Gap Shelter,GA,34.61768,-84.19871,-1.5,3300,2017-03-13T13:37:00,
SHELTER,Black Gap Shelter,GA,34.61768,-84.19871,-1.5,3300,2017-03-14T11:37:00,
FEATURE,Springer Mt,GA,34.62673,-84.193656,0,3782,2017-03-14T12:14:00,
SHELTER,Springer Mountain Shelter,GA,34.6292728,-84.192975,0.2,3720,2017-03-14T12:25:00,
FEATURE,Big Stamp Gap,GA,,,1,3350,2017-03-14T12:47:00,
FEATURE,Benton MacKaye Trail,GA,,,2,3268,2017-03-14T13:18:00,
SHELTER,Stover Creek Shelter,GA,34.6495767,-84.1997597,2.8,2916,2017-03-14T13:42:00,
FEATURE,Three Forks,GA,,,4.3,2530,2017-03-14T15:02:00,
FEATURE,Three Forks,GA,,,4.3,2530,2017-03-15T12:02:00,
SHELTER,Hawk Mountain Shelter,GA,34.6659577,-84.1363386,8.1,3194,2017-03-15T13:46:00,
SHELTER,Hawk Mountain Shelter,GA,34.6659577,-84.1363386,8.1,3194,2017-03-16T08:56:00,
FEATURE,Hightower Gap,GA,,,8.6,2854,2017-03-16T09:20:00,
FEATURE,Cooper Gap,GA,,,12.3,2929,2017-03-16T11:38:00,
SHELTER,Gooch Mountain Shelter,GA,34.6533256,-84.0342084,15.8,2789,2017-03-16T13:58:00,
SHELTER,Gooch Mountain Shelter,GA,34.6533256,-84.0342084,15.8,2789,2017-03-17T09:09:00,
FEATURE,Gooch Gap,GA,,,17.1,2824,2017-03-17T09:52:00,
FEATURE,Woody Gap,GA,34.677734,-84.000137,20.6,3198,2017-03-17T11:38:00,
SHELTER,Lance Creek,GA,,,24.2,2865,2017-03-17T14:34:00,
SHELTER,Lance Creek,GA,,,24.2,2865,2017-03-18T07:16:00,
FEATURE,Jarrard Gap,GA,,,26.4,3250,2017-03-18T08:31:00,
SHELTER,Woods Hole Shelter,GA,34.7372479,-83.954924,27.9,3662,2017-03-18T09:05:00,
SHELTER,Blood Mountain Shelter,GA,34.7400792,-83.9374442,29,4457,2017-03-18T09:47:00,
FEATURE,"Neel Gap, US 19",GA,34.741067,-83.920617,31.4,3125,2017-03-18T11:35:00,
FEATURE,"Neel Gap, US 19",GA,34.741067,-83.920617,31.4,3125,2017-03-19T07:29:00,
FEATURE,Tesnatee Gap,GA,,,37.4,3138,2017-03-19T10:21:00,
SHELTER,Whitley Gap Shelter,GA,34.7125074,-83.8342857,38.1,3625,2017-03-19T10:58:00,
FEATURE,Hogpen Gap,GA,,,38.3,3444,2017-03-19T11:03:00,
SHELTER,Low Gap Shelter,GA,34.7763053,-83.8245496,42.9,3024,2017-03-19T12:54:00,
SHELTER,Low Gap Shelter,GA,34.7763053,-83.8245496,42.9,3024,2017-03-20T07:58:00,
FEATURE,Chattahoochee Gap,GA,,,47.9,3584,2017-03-20T09:52:00,
SHELTER,Blue Mountain Shelter,GA,34.8172349,-83.7667067,50.2,3880,2017-03-20T11:00:00,
FEATURE,"Unicoi Gap, GA 75",GA,34.8017,-83.7428,52.6,2949,2017-03-20T11:58:00,
FEATURE,"Unicoi Gap, GA 75",GA,34.8017,-83.7428,52.6,2949,2017-03-22T09:06:00,
FEATURE,Rocky Mountain Trail,GA,,,53.5,3715,2017-03-22T09:30:00,
FEATURE,Indian Grave Gap,GA,,,55.3,3113,2017-03-22T10:18:00,
FEATURE,Tray Mountain Rd,GA,,,56,3480,2017-03-22T10:39:00,
FEATURE,Tray Gap,GA,,,57,3847,2017-03-22T10:57:00,
FEATURE,Tray Mtn,GA,,,57.8,4430,2017-03-22T11:36:00,
SHELTER,Tray Mountain Shelter,GA,34.8040756,-83.6767785,58.3,4193,2017-03-22T11:57:00,
FEATURE,Swag of the Blue Ridge,GA,,,61.9,3451,2017-03-22T13:31:00,
SHELTER,Sassafras Gap,GA,,,63,3500,2017-03-22T14:02:00,
SHELTER,Sassafras Gap,GA,,,63,3500,2017-03-23T08:08:00,
FEATURE,Addis Gap,GA,,,63.9,3304,2017-03-23T08:38:00,
SHELTER,Deep Gap Shelter,GA,34.8824641,-83.6460608,65.7,3554,2017-03-23T09:31:00,
FEATURE,Vista,GA,,,66.8,3886,2017-03-23T09:58:00,
FEATURE,"Dick's Creek Gap, US 76",GA,34.912133,-83.618833,69.3,2675,2017-03-23T11:18:00,
FEATURE,Cowart Gap,GA,,,71.1,2900,2017-03-23T12:36:00,
SHELTER,Plumorchard Gap Shelter,GA,34.9461587,-83.5881925,73.8,3144,2017-03-23T14:35:00,
SHELTER,Plumorchard Gap Shelter,GA,34.9461587,-83.5881925,73.8,3144,2017-03-24T08:10:00,
FEATURE,Blue Ridge Gap,GA,,,75,3090,2017-03-24T08:56:00,
FEATURE,GA-NC Border,GA,34.992205,-83.59999,78.2,3821,2017-03-24T10:07:00,
FEATURE,Bly Gap,NC,,,78.3,3840,2017-03-24T10:17:00,
FEATURE,Sassafras Gap,NC,,,80.2,4300,2017-03-24T11:15:00,
SHELTER,Muskrat Creek Shelter,NC,35.020655,-83.5815196,81.1,4562,2017-03-24T11:37:00,
FEATURE,White Oak Stamp,NC,,,81.9,4620,2017-03-24T12:32:00,
FEATURE,Wateroak Gap,NC,,,83,4490,2017-03-24T12:55:00,
FEATURE,Deep Gap,NC,35.0396,-83.5525,85.1,4341,2017-03-24T13:53:00,
SHELTER,Standing Indian Shelter,NC,35.0419474,-83.5480465,86,4742,2017-03-24T14:35:00,
SHELTER,Standing Indian Shelter,NC,35.0419474,-83.5480465,86,4742,2017-03-25T08:45:00,
FEATURE,Standing Indian Mt,NC,35.035482,-83.537977,87.5,5435,2017-03-25T09:21:00,
FEATURE,Beech Gap,NC,,,90.4,4460,2017-03-25T10:23:00,
FEATURE,Timber Ridge Trail,NC,,,93.1,4639,2017-03-25T11:32:00,
SHELTER,Carter Gap Shelter,NC,34.99899,-83.494085,93.6,4528,2017-03-25T11:40:00,
FEATURE,Betty Creek Gap,NC,,,97.3,4300,2017-03-25T13:35:00,
FEATURE,Mooney Gap,NC,,,98.1,4498,2017-03-25T14:10:00,
FEATURE,USFS 67,NC,,,99.5,4843,2017-03-25T14:40:00,
FEATURE,Albert Mtn Fire Tower,NC,,,99.8,5250,2017-03-25T14:55:00,
FEATURE,Former Big Spring Shelter,NC,,,100.4,4978,2017-03-25T15:31:00,
SHELTER,Long Branch Shelter,NC,35.06997,-83.49815,102.3,4479,2017-03-25T16:08:00,
SHELTER,Long Branch Shelter,NC,35.06997,-83.49815,102.3,4479,2017-03-26T07:42:00,
FEATURE,Glassmine Gap,NC,,,103.1,4185,2017-03-26T08:00:00,
SHELTER,Rock Gap Shelter,NC,35.0915531,-83.5229901,105.7,3772,2017-03-26T08:50:00,
FEATURE,Wallace Gap,NC,,,106.4,3738,2017-03-26T09:07:00,
FEATURE,"Winding Stair Gap, US 64",NC,35.121912,-83.544681,109.5,3690,2017-03-26T10:21:00,
FEATURE,"Winding Stair Gap, US 64",NC,35.121912,-83.544681,109.5,3690,2017-03-28T09:36:00,
FEATURE,Swinging Lick Gap,NC,,,110.6,4100,2017-03-28T10:00:00,
FEATURE,Panther Gap,NC,,,111.5,4480,2017-03-28T10:19:00,
SHELTER,Siler Bald Shelter,NC,35.1442503,-83.5724347,113.7,4769,2017-03-28T10:51:00,
FEATURE,Wayah Gap,NC,,,115.4,4180,2017-03-28T12:09:00,
FEATURE,Wilson Lick Trail,NC,,,116.6,4630,2017-03-28T12:39:00,
FEATURE,Bartram Trail,NC,,,117.5,5236,2017-03-28T13:05:00,
FEATURE,USFS 69,NC,,,119.2,5188,2017-03-28T13:51:00,
FEATURE,Wayah Bald,NC,,,119.6,5342,2017-03-28T14:10:00,
SHELTER,Wayah Bald Shelter,NC,35.1802,-83.5608,120.5,4712,2017-03-28T15:33:00,
FEATURE,Licklog Gap,NC,,,121.8,4440,2017-03-28T15:59:00,
FEATURE,Intersection with old roadbed,NC,,,123.2,4515,2017-03-28T16:25:00,
FEATURE,Burningtown Gap,NC,35.2223,-83.5622,124.1,4236,2017-03-28T16:45:00,
SHELTER,Cold Spring Shelter,NC,35.2310157,-83.5597518,125.3,4926,2017-03-28T17:16:00,
SHELTER,Cold Spring Shelter,NC,35.2310157,-83.5597518,125.3,4926,2017-03-29T05:54:00,
FEATURE,Rocky Bald,NC,,,127.2,5030,2017-03-29T06:45:00,
FEATURE,Tellico Gap,NC,35.268,-83.5726,128.9,3850,2017-03-29T08:13:00,
FEATURE,Wesser Bald,NC,,,130.3,4627,2017-03-29T08:49:00,
SHELTER,Wesser Bald Shelter,NC,35.2824621,-83.5821123,131.1,4092,2017-03-29T09:44:00,
FEATURE,The Jumpoff,NC,,,132.9,3940,2017-03-29T10:19:00,
SHELTER,A. Rufus Morgan Shelter,NC,35.3242861,-83.5901033,136,2184,2017-03-29T11:55:00,
FEATURE,NOC,NC,35.3312,-83.5922,137,1732,2017-03-29T12:15:00,
FEATURE,NOC,NC,35.3312,-83.5922,137,1732,2017-03-30T13:50:00,
FEATURE,Wright Gap,NC,,,138.5,2403,2017-03-30T14:22:00,
FEATURE,Wade Sutton Memorial,NC,,,139.7,3012,2017-03-30T14:54:00,
FEATURE,The Jump-up,NC,,,141.6,3814,2017-03-30T15:50:00,
FEATURE,Swim Bald,NC,,,142.8,4710,2017-03-30T16:35:00,
SHELTER,Sassafras Gap Shelter,NC,35.33079,-83.6668628,143.7,4391,2017-03-30T16:53:00,
SHELTER,Sassafras Gap Shelter,NC,35.33079,-83.6668628,143.7,4391,2017-03-31T08:52:00,
FEATURE,Cheoah Bald,NC,,,144.9,5062,2017-03-31T09:20:00,
FEATURE,Locust Cove Gap,NC,,,147.4,3642,2017-03-31T10:22:00,
FEATURE,Simp Gap,NC,,,148.5,3558,2017-03-31T10:47:00,
FEATURE,Stecoah Gap,NC,35.3582,-83.7179,150.4,3165,2017-03-31T11:35:00,
FEATURE,Sweetwater Gap,NC,,,151.4,3270,2017-03-31T12:32:00,
SHELTER,Brown Fork Gap Shelter,NC,35.3743478,-83.7338086,152.8,3813,2017-03-31T13:07:00,
SHELTER,Brown Fork Gap Shelter,NC,35.3743478,-83.7338086,152.8,3813,2017-04-01T07:30:00,
FEATURE,Hogback Gap,NC,,,154.9,3500,2017-04-01T08:16:00,
FEATURE,Cody Gap,NC,,,155.7,3620,2017-04-01T08:39:00,
FEATURE,County Rd 1242,NC,35.4105,-83.7657,158.1,2954,2017-04-01T09:26:00,
SHELTER,Cable Gap Shelter,NC,35.4153251,-83.7734737,158.9,2878,2017-04-01T09:46:00,
FEATURE,Black Gum Gap,NC,,,160.3,3403,2017-04-01T10:42:00,
FEATURE,Walker Gap,NC,,,161.7,3450,2017-04-01T10:57:00,
FEATURE,NC 28,NC,35.4414,-83.7968,164.4,1756,2017-04-01T12:07:00,
SHELTER,Fontana Dam Shelter,NC,35.448432,-83.7940435,165.6,1853,2017-04-01T12:44:00,
SHELTER,Fontana Dam Shelter,NC,35.448432,-83.7940435,165.6,1853,2017-04-04T07:25:00,
FEATURE,Southern Boundary GSMNP,NC,35.460515,-83.811105,167.1,1862,2017-04-04T08:01:00,
FEATURE,Shuckstack Fire Tower,NC,,,170.5,3889,2017-04-04T09:31:00,
FEATURE,Birch Spring Gap,NC,,,171.8,3736,2017-04-04T10:25:00,
FEATURE,Ekaneetlee Gap,NC,,,175.3,3842,2017-04-04T11:47:00,
SHELTER,Mollies Ridge Shelter,NC,35.5458893,-83.7935136,177,4586,2017-04-04T12:25:00,
SHELTER,Russell Field Shelter,NC,35.5618399,-83.7665112,180.1,4348,2017-04-04T14:16:00,
SHELTER,Spence Field Shelter,NC,35.5619025,-83.7326211,182.9,4916,2017-04-04T15:41:00,
SHELTER,Spence Field Shelter,NC,35.5619025,-83.7326211,182.9,4916,2017-04-05T07:44:00,
FEATURE,Rocky Top,NC,,,184.1,5440,2017-04-05T08:17:00,
FEATURE,Sugar Tree Gap,NC,,,188,4435,2017-04-05T10:40:00,
SHELTER,Derrick Knob Shelter,NC,35.5663517,-83.6417974,189,4882,2017-04-05T11:05:00,
SHELTER,Derrick Knob Shelter,NC,35.5663517,-83.6417974,189,4882,2017-04-06T08:24:00,
SHELTER,Silers Bald Shelter,NC,35.5643093,-83.5682326,194.7,5453,2017-04-06T10:57:00,
SHELTER,Double Spring Gap Shelter,NC,35.5652725,-83.5427482,196.4,5510,2017-04-06T12:19:00,
FEATURE,Clingmans Dome,NC,35.562747,-83.498511,199.3,6667,2017-04-06T13:41:00,
SHELTER,Mt. Collins Shelter,NC,35.5938466,-83.4713028,202.5,5962,2017-04-06T16:20:00,
FEATURE,"Newfound Gap, US 441",NC,35.6112,-83.4257,206.8,5045,2017-04-06T18:05:00,
FEATURE,"Newfound Gap, US 441",NC,35.6112,-83.4257,206.8,5045,2017-04-08T10:04:00,
SHELTER,Icewater Spring Shelter,NC,35.6297885,-83.3862811,209.8,5935,2017-04-08T11:25:00,
FEATURE,Charlies Bunion,NC,35.639259,-83.371878,211,5420,2017-04-08T11:58:00,
SHELTER,Pecks Corner Shelter,NC,35.6508443,-83.3084848,217.1,5556,2017-04-08T14:58:00,
FEATURE,Eagle Rocks,NC,,,217.9,5834,2017-04-08T15:22:00,
SHELTER,Tricorner Knob Shelter,NC,35.6937717,-83.2565301,221.9,5897,2017-04-08T17:09:00,
SHELTER,Tricorner Knob Shelter,NC,35.6937717,-83.2565301,221.9,5897,2017-04-09T07:48:00,
FEATURE,Snake Den Ridge Trail,NC,,,225.7,5791,2017-04-09T09:20:00,
FEATURE,Camel Gap,NC,,,228,4674,2017-04-09T10:17:00,
SHELTER,Cosby Knob Shelter,NC,35.7271836,-83.182078,229.6,4766,2017-04-09T10:53:00,
FEATURE,Low Gap,NC,,,230.4,4242,2017-04-09T11:53:00,
FEATURE,Mt Cammerer,NC,,,232.5,4950,2017-04-09T12:38:00,
SHELTER,Davenport Gap Shelter,NC,35.7693221,-83.1235547,236.7,2591,2017-04-09T14:43:00,
FEATURE,"Davenport Gap, TN 32, NC284",NC,35.770686,-83.111224,237.6,1975,2017-04-09T15:02:00,
FEATURE,Pigeon River Bridge,NC,,,239.2,1373,2017-04-09T15:32:00,
FEATURE,Standing Bear Hostel,NC,,,240.3,1788,2017-04-09T16:11:00,
FEATURE,Standing Bear Hostel,NC,,,240.3,1788,2017-04-10T10:32:00,
FEATURE,Snowbird Mtn,NC,,,244.7,4263,2017-04-10T12:11:00,
SHELTER,Groundhog Creek Shelter,NC,35.7817559,-83.0261885,247.2,2911,2017-04-10T13:24:00,
FEATURE,Brown Gap,NC,,,250.1,3500,2017-04-10T15:17:00,
FEATURE,Cherry Creek Trail,NC,,,252.6,4341,2017-04-10T16:36:00,
FEATURE,Max Patch Summit,NC,35.797272,-82.956848,253.6,4629,2017-04-10T17:29:00,
FEATURE,Max Patch Summit,NC,35.797272,-82.956848,253.6,4629,2017-04-11T07:41:00,
SHELTER,Roaring Fork Shelter,NC,35.8224413,-82.9384923,255.5,4019,2017-04-11T08:14:00,
FEATURE,Lemon Gap,NC,,,259,3550,2017-04-11T09:21:00,
SHELTER,Walnut Mountain Shelter,NC,35.836546,-82.9365471,260.3,4245,2017-04-11T09:58:00,
FEATURE,Catpen Gap,NC,,,261.7,4130,2017-04-11T10:57:00,
FEATURE,Bluff Mtn,NC,,,262.7,4686,2017-04-11T11:36:00,
FEATURE,Big Spring Rock,NC,,,264.3,3730,2017-04-11T12:13:00,
FEATURE,Garenflo Gap,NC,,,266.8,2500,2017-04-11T13:08:00,
SHELTER,Deer Park Mountain Shelter,NC,35.8759289,-82.8612434,270.2,2319,2017-04-11T14:16:00,
FEATURE,NC 209 + US 25/70,NC,,,273.4,1326,2017-04-11T15:59:00,
FEATURE,Hot Springs,NC,35.8895,-82.8323,273.8,1339,2017-04-11T16:10:00,
FEATURE,Hot Springs,NC,35.8895,-82.8323,273.8,1339,2017-04-13T11:49:00,
FEATURE,Pump Gap,NC,,,276.7,2130,2017-04-13T13:16:00,
FEATURE,Pond,NC,,,278.2,2467,2017-04-13T13:45:00,
FEATURE,Tanyard Gap,NC,,,279.3,2270,2017-04-13T14:35:00,
FEATURE,Rich Mtn Lookout Tower,NC,,,281.7,3532,2017-04-13T15:33:00,
FEATURE,Hurricane Gap,NC,,,282.6,2968,2017-04-13T15:54:00,
SHELTER,Spring Mountain Shelter,NC,35.9515781,-82.7901046,284.4,3538,2017-04-13T16:54:00,
SHELTER,Spring Mountain Shelter,NC,35.9515781,-82.7901046,284.4,3538,2017-04-14T07:52:00,
FEATURE,Deep Gap,NC,,,286.2,2892,2017-04-14T08:29:00,
FEATURE,Allen Gap,NC,,,288.2,2223,2017-04-14T09:27:00,
FEATURE,Log Cabin Drive,NC,,,289.7,2371,2017-04-14T10:03:00,
SHELTER,Little Laurel Shelter,NC,36.015082,-82.7357905,293,3656,2017-04-14T11:19:00,
FEATURE,Camp Creek Bald Lookout Tower,NC,,,294.8,4750,2017-04-14T13:01:00,
FEATURE,Whiterock Cliff,NC,,,296.6,4465,2017-04-14T14:08:00,
FEATURE,Big Firescald Knob,NC,,,297.7,4544,2017-04-14T15:11:00,
FEATURE,Round Knob Trail,NC,,,299.3,4284,2017-04-14T15:59:00,
SHELTER,Jerry Cabin Shelter,NC,36.0565607,-82.6572202,300.3,4148,2017-04-14T16:19:00,
SHELTER,Jerry Cabin Shelter,NC,36.0565607,-82.6572202,300.3,4148,2017-04-15T08:11:00,
FEATURE,Bald Ridge,NC,,,301.1,4543,2017-04-15T08:31:00,
FEATURE,Howard Bassett Memorial,NC,,,301.9,4687,2017-04-15T08:50:00,
FEATURE,Shelton Gravesite,NC,,,304,4451,2017-04-15T09:37:00,
FEATURE,Flint Gap,NC,,,306.3,3449,2017-04-15T10:22:00,
SHELTER,Flint Mountain Shelter,NC,36.0348823,-82.5967225,307,3557,2017-04-15T10:56:00,
FEATURE,Devil Fork Gap,NC,,,309.5,3104,2017-04-15T12:22:00,
FEATURE,Rector Laurel Rd,NC,,,310,2938,2017-04-15T12:42:00,
FEATURE,Lick Rock,NC,,,312.9,4541,2017-04-15T14:52:00,
SHELTER,Hogback Ridge Shelter,NC,35.96405,-82.5870327,315.8,4314,2017-04-15T16:25:00,
SHELTER,Hogback Ridge Shelter,NC,35.96405,-82.5870327,315.8,4314,2017-04-16T08:23:00,
FEATURE,Sams Gap,NC,,,318.2,3725,2017-04-16T09:26:00,
FEATURE,Meadow,NC,,,320,4429,2017-04-16T10:37:00,
FEATURE,Big Bald,NC,35.989967,-82.490312,324.7,5516,2017-04-16T12:58:00,
SHELTER,Bald Mountain Shelter,NC,36.0000923,-82.4781872,325.9,5090,2017-04-16T13:31:00,
FEATURE,Little Bald,NC,,,327.3,5220,2017-04-16T15:04:00,
FEATURE,Whistling Gap,NC,,,329.4,3883,2017-04-16T15:56:00,
FEATURE,High Rocks,NC,,,330,4267,2017-04-16T16:19:00,
FEATURE,Spivey Gap,NC,,,331.6,3200,2017-04-16T17:05:00,
FEATURE,Spivey Gap,NC,,,331.6,3200,2017-04-17T07:49:00,
FEATURE,Devils Creek Gap,NC,,,333.1,3769,2017-04-17T08:24:00,
SHELTER,No Business Knob Shelter,NC,36.0668644,-82.4334487,336.5,3171,2017-04-17T09:33:00,
FEATURE,Temple Hill Gap,NC,,,338.9,2850,2017-04-17T10:41:00,
FEATURE,Erwin,TN,36.1042,-82.4467,342.7,1673,2017-04-17T12:17:00,
FEATURE,Erwin,TN,36.1042,-82.4467,342.7,1673,2017-04-18T13:36:00,
SHELTER,Curley Maple Gap Shelter,NC,36.1042581,-82.3968395,347,3063,2017-04-18T15:14:00,
SHELTER,Curley Maple Gap Shelter,NC,36.1042581,-82.3968395,347,3063,2017-04-19T09:37:00,
FEATURE,Indian Grave Gap,TN,36.1096,-82.3616,351.1,3350,2017-04-19T11:13:00,
FEATURE,Unaka Mountain,TN,,,356.5,5180,2017-04-19T13:42:00,
FEATURE,Low Gap,TN,,,358.7,3900,2017-04-19T14:53:00,
SHELTER,Cherry Gap Shelter,NC,36.1293282,-82.2640074,359.8,3988,2017-04-19T15:23:00,
SHELTER,Cherry Gap Shelter,NC,36.1293282,-82.2640074,359.8,3988,2017-04-20T08:17:00,
FEATURE,Iron Mountain Gap,TN,,,362.9,3723,2017-04-20T09:30:00,
FEATURE,Rock pillar,TN,,,365.3,4434,2017-04-20T10:31:00,
FEATURE,Greasy Creek Gap,TN,,,367,4034,2017-04-20T11:16:00,
SHELTER,Clyde Smith Shelter,NC,36.1485359,-82.1611868,368.9,4496,2017-04-20T12:22:00,
FEATURE,Little Rock Knob,TN,,,370.1,4918,2017-04-20T13:52:00,
FEATURE,Hughes Gap,TN,,,372.3,4040,2017-04-20T14:46:00,
FEATURE,Ash Gap,TN,,,375.3,5350,2017-04-20T16:05:00,
FEATURE,Toll House Gap,TN,,,376.7,6212,2017-04-20T16:49:00,
SHELTER,Roan High Knob Shelter,NC,36.1050516,-82.1225425,377.4,6193,2017-04-20T17:07:00,
SHELTER,Roan High Knob Shelter,NC,36.1050516,-82.1225425,377.4,6193,2017-04-21T08:01:00,
FEATURE,Carvers Gap,NC,36.1068,-82.1106,378.9,5512,2017-04-21T08:38:00,
FEATURE,Jane Bald,TN,,,380.4,5790,2017-04-21T09:16:00,
SHELTER,Stan Murray Shelter,NC,36.1123643,-82.0657368,382.6,5045,2017-04-21T10:07:00,
SHELTER,Overmountain Shelter,NC,36.1236332,-82.0542594,384.5,4657,2017-04-21T10:54:00,
FEATURE,Little Hump Mountain,TN,,,386.1,5459,2017-04-21T12:41:00,
FEATURE,Bradley Gap,TN,,,387.4,4950,2017-04-21T13:09:00,
FEATURE,Hump Mountain,TN,,,388.3,5587,2017-04-21T13:32:00,
FEATURE,Doll Flats,TN,,,390.7,4600,2017-04-21T14:29:00,
SHELTER,Wilder Mine Campsite,TN,,,393.1,3111,2017-04-21T15:50:00,
SHELTER,Wilder Mine Campsite,TN,,,393.1,3111,2017-04-22T09:36:00,
FEATURE,US 19E,TN,36.177453,-82.011576,393.7,2895,2017-04-22T09:50:00,
FEATURE,Jeep Path,TN,,,394.7,3219,2017-04-22T10:28:00,
FEATURE,Isaacs Cemetery,TN,,,396.6,3600,2017-04-22T10:56:00,
FEATURE,Buck Mountain Rd,TN,,,397,3501,2017-04-22T11:09:00,
FEATURE,Campbell Hollow Rd,TN,,,397.3,3396,2017-04-22T11:17:00,
FEATURE,Jones Falls,TN,,,399.1,2985,2017-04-22T12:00:00,
FEATURE,Elk River,TN,,,399.8,2736,2017-04-22T12:29:00,
FEATURE,Mountaineer Falls,TN,,,402.4,3110,2017-04-22T13:32:00,
SHELTER,Mountaineer Shelter,TN,36.2202,-81.98569,402.5,3173,2017-04-22T13:38:00,
FEATURE,Walnut Mountain Rd,TN,,,404.1,3603,2017-04-22T15:31:00,
SHELTER,Upper Laurel Fork,TN,36.220523,-82.029314,406.4,3314,2017-04-22T16:17:00,
SHELTER,Upper Laurel Fork,TN,36.220523,-82.029314,406.4,3314,2017-04-23T07:25:00,
FEATURE,USFS 293,TN,,,407.3,3457,2017-04-23T07:47:00,
FEATURE,Hardcore Cascades,TN,,,409.1,3391,2017-04-23T08:24:00,
SHELTER,Moreland Gap Shelter,TN,36.2202123,-82.0883647,412.1,3798,2017-04-23T09:33:00,
FEATURE,Forest Service Rd,TN,,,414.7,3773,2017-04-23T10:32:00,
FEATURE,White Rocks Mtn,TN,,,415.4,3977,2017-04-23T10:44:00,
FEATURE,Coon Den Falls,TN,,,416.7,3419,2017-04-23T11:14:00,
FEATURE,Dennis Cove Rd,TN,36.2643,-82.1231,418.4,2491,2017-04-23T11:58:00,
FEATURE,Dennis Cove Rd,TN,36.2643,-82.1231,418.4,2491,2017-04-24T08:57:00,
FEATURE,Switchback,TN,,,419.5,2395,2017-04-24T09:21:00,
SHELTER,Laurel Fork Shelter,TN,36.2786447,-82.1362319,420.3,2162,2017-04-24T09:55:00,
FEATURE,Side trail to Hampton TN,TN,,,421.2,1959,2017-04-24T10:32:00,
FEATURE,Pond Flats,TN,,,423.8,3693,2017-04-24T12:01:00,
FEATURE,US 321,TN,36.3019,-82.129,427,1990,2017-04-24T13:04:00,
SHELTER,Watauga Lake Shelter,TN,36.3139645,-82.1293868,428.9,2063,2017-04-24T14:38:00,
FEATURE,Watuga Dam,TN,,,430.1,1975,2017-04-24T14:57:00,
FEATURE,Wilbur Dam Rd,TN,,,431.4,2250,2017-04-24T15:34:00,
SHELTER,Vandeventer Shelter,TN,36.3670304,-82.0588044,436.1,3564,2017-04-24T17:55:00,
SHELTER,Vandeventer Shelter,TN,36.3670304,-82.0588044,436.1,3564,2017-04-25T08:08:00,
SHELTER,Iron Mountain Shelter,TN,36.4356175,-81.9908857,442.9,4095,2017-04-25T10:29:00,
FEATURE,TN 91,TN,36.4814,-81.9603,447.5,3506,2017-04-25T12:07:00,
SHELTER,Double Springs Shelter,TN,36.5090586,-81.9860558,450.5,4073,2017-04-25T13:21:00,
FEATURE,Low Gap,TN,36.5386,-81.9489,454,3384,2017-04-25T14:41:00,
FEATURE,McQueens Knob,TN,,,457.3,3900,2017-04-25T16:00:00,
FEATURE,McQueens Gap,TN,,,457.7,3680,2017-04-25T16:12:00,
SHELTER,Abingdon Gap Shelter,TN,36.5810973,-81.902055,458.8,3780,2017-04-25T16:32:00,
FEATURE,Backbone Rock Trail,TN,,,463.9,3487,2017-04-25T18:45:00,
FEATURE,TN/VA border,VA,,,465.3,3210,2017-04-25T19:16:00,
FEATURE,Water St Damascus,VA,,,468.7,1919,2017-04-25T20:28:00,
FEATURE,Damascus,VA,36.636,-81.7896,469.2,1911,2017-04-25T20:48:00,
FEATURE,Damascus,VA,36.636,-81.7896,469.2,1911,2017-04-28T09:34:00,
FEATURE,Iron Mountain Trail,VA,,,472.5,2913,2017-04-28T10:54:00,
FEATURE,US 58,VA,,,474.6,2200,2017-04-28T11:34:00,
FEATURE,Taylors Valley Trail,VA,,,476.9,2407,2017-04-28T12:28:00,
SHELTER,Saunders Shelter,VA,36.6377834,-81.7129853,478.5,3359,2017-04-28T13:06:00,
FEATURE,Beartree Gap Trail,VA,,,480.8,3050,2017-04-28T14:24:00,
FEATURE,Creeper Trail (South),VA,,,482.5,2688,2017-04-28T15:15:00,
FEATURE,Luther Hassinger Bridge,VA,,,483.2,2781,2017-04-28T15:49:00,
SHELTER,Lost Mountain Shelter,VA,36.6441387,-81.6561153,485,3381,2017-04-28T16:14:00,
SHELTER,Lost Mountain Shelter,VA,36.6441387,-81.6561153,485,3381,2017-04-29T07:44:00,
FEATURE,US 58,VA,,,486.1,3160,2017-04-29T08:04:00,
FEATURE,Beech Mountain Road,VA,,,487.4,3526,2017-04-29T08:33:00,
FEATURE,Buzzard Rock,VA,,,489.9,5080,2017-04-29T09:47:00,
FEATURE,Whitetop Mountain Road,VA,,,490.8,5087,2017-04-29T10:36:00,
FEATURE,Elk Garden,VA,,,493.2,4448,2017-04-29T11:33:00,
FEATURE,Deep Gap,VA,,,495.3,5015,2017-04-29T12:28:00,
SHELTER,Thomas Knob Shelter,VA,36.6566421,-81.5351811,497.3,5413,2017-04-29T13:49:00,
SHELTER,Thomas Knob Shelter,VA,36.6566421,-81.5351811,497.3,5413,2017-04-30T08:06:00,
FEATURE,GHSP South End,VA,,,499.8,4999,2017-04-30T09:27:00,
SHELTER,Wise Shelter,VA,36.6540027,-81.4984093,502.5,4409,2017-04-30T11:15:00,
FEATURE,Bearpen Trail,VA,,,504.5,4662,2017-04-30T12:18:00,
FEATURE,The Scales,VA,,,505.7,4648,2017-04-30T12:46:00,
FEATURE,Pine Mountain Trail,VA,,,506.9,4950,2017-04-30T13:45:00,
SHELTER,Old Orchard Shelter,VA,36.6832923,-81.5110583,509.2,4066,2017-04-30T14:25:00,
FEATURE,Old Orchard Trail,VA,,,510,3782,2017-04-30T15:08:00,
FEATURE,Fox Creek,VA,,,510.9,3480,2017-04-30T15:25:00,
FEATURE,Chestnut Flats,VA,,,512.5,4240,2017-04-30T16:20:00,
SHELTER,Hurricane Mtn Shelter,VA,36.71535,-81.50951,513.4,3788,2017-04-30T16:38:00,
FEATURE,Dicky Gap Trail,VA,,,516.5,2941,2017-04-30T18:10:00,
FEATURE,Comers Creek,VA,,,517.3,3310,2017-04-30T18:34:00,
FEATURE,Dickey Gap,VA,36.720409,-81.461641,518.5,3300,2017-04-30T18:56:00,
FEATURE,Dickey Gap,VA,36.720409,-81.461641,518.5,3300,2017-05-01T07:46:00,
FEATURE,Horse Trail,VA,,,519.4,3485,2017-05-01T08:04:00,
SHELTER,Trimpi Shelter,VA,36.7492587,-81.480436,522.6,2985,2017-05-01T09:14:00,
FEATURE,VA 672,VA,,,523.8,2608,2017-05-01T09:36:00,
FEATURE,VA 670,VA,,,524.7,2450,2017-05-01T09:54:00,
FEATURE,VA 601,VA,,,528.6,3269,2017-05-01T11:10:00,
FEATURE,Powerline,VA,,,530.1,3318,2017-05-01T11:43:00,
SHELTER,Partnership Shelter,VA,36.8094783,-81.422411,532.4,3242,2017-05-01T12:27:00,
FEATURE,VA 16,VA,36.8114,-81.4204,532.6,3220,2017-05-01T12:34:00,
FEATURE,VA 16,VA,36.8114,-81.4204,532.6,3220,2017-05-02T11:30:00,
FEATURE,VA 622,VA,,,533.3,3270,2017-05-02T11:46:00,
FEATURE,USFS 86,VA,,,536.6,3650,2017-05-02T13:05:00,
SHELTER,Chatfield Shelter,VA,36.8499831,-81.3631238,539.4,3173,2017-05-02T14:20:00,
FEATURE,USFS 644,VA,,,539.7,3046,2017-05-02T14:59:00,
FEATURE,Lindamood School,VA,,,541.2,2596,2017-05-02T15:29:00,
FEATURE,VA 729,VA,,,541.7,2537,2017-05-02T17:00:00,
FEATURE,Middle fork of Holston River,VA,,,543.2,2436,2017-05-02T17:28:00,
FEATURE,"VA 683, US 11, I-81",VA,36.885613,-81.37314,544,2420,2017-05-02T17:44:00,
FEATURE,Davis Cemetery,VA,,,545.3,2450,2017-05-02T18:07:00,
FEATURE,Davis Hollow,VA,,,546.1,2539,2017-05-02T18:26:00,
FEATURE,Davis Hollow,VA,,,546.1,2539,2017-05-03T08:32:00,
SHELTER,Davis Path Campsite,VA,36.9145127,-81.3767313,547.4,2874,2017-05-03T08:47:00,
FEATURE,Gullion Mountain,VA,,,549.6,3300,2017-05-03T09:34:00,
FEATURE,Crawfish Trail,VA,,,550.7,2600,2017-05-03T10:18:00,
FEATURE,Walker Mountain,VA,,,552.6,3432,2017-05-03T11:02:00,
FEATURE,VA 610,VA,,,554.1,2700,2017-05-03T11:43:00,
FEATURE,Holston River Bridge,VA,,,555.5,2474,2017-05-03T12:27:00,
FEATURE,VA 42,VA,36.9833,-81.4064,556.5,2536,2017-05-03T12:51:00,
SHELTER,Knot Maul Branch Shelter,VA,37.000737,-81.4043773,558.7,2757,2017-05-03T15:06:00,
FEATURE,Lynn Camp Creek,VA,,,560.1,2400,2017-05-03T15:35:00,
FEATURE,Lick Creek,VA,,,562.4,2268,2017-05-03T16:33:00,
FEATURE,Lick Creek,VA,,,562.4,2268,2017-05-04T07:35:00,
FEATURE,VA 625,VA,,,563.6,2326,2017-05-04T08:02:00,
FEATURE,Pond,VA,,,566.3,3896,2017-05-04T09:05:00,
SHELTER,Chestnut Knob Shelter,VA,37.0577631,-81.3993256,568.1,4393,2017-05-04T09:41:00,
FEATURE,VA 623,VA,,,574.3,3867,2017-05-04T12:22:00,
FEATURE,VA 623,VA,,,574.3,3867,2017-05-05T10:02:00,
FEATURE,Davis Farm Campsite,VA,,,575.3,3850,2017-05-05T10:15:00,
SHELTER,Jenkins Shelter,VA,37.0934615,-81.2476124,578.8,2400,2017-05-05T11:11:00,
FEATURE,Trail Boss Trail,VA,,,585.1,3099,2017-05-05T12:58:00,
FEATURE,Powerline,VA,,,588,2721,2017-05-05T13:41:00,
FEATURE,AT on gravel road,VA,,,589.5,3088,2017-05-05T14:02:00,
FEATURE,US 52 (Bland),VA,37.138204,-81.130425,590.1,2905,2017-05-05T14:12:00,
FEATURE,US 52 (Bland),VA,37.138204,-81.130425,590.1,2905,2017-05-07T08:46:00,
FEATURE,VA 612 parking,VA,,,590.9,2600,2017-05-07T09:06:00,
SHELTER,Helveys Mill Shelter,VA,37.1326964,-81.1042278,592.3,3121,2017-05-07T09:36:00,
FEATURE,VA 611,VA,,,598.9,2820,2017-05-07T11:42:00,
FEATURE,Brushy Mountain,VA,,,600.3,3101,2017-05-07T12:22:00,
SHELTER,Jenny Knob Shelter,VA,37.155056,-80.9800855,602,2668,2017-05-07T12:53:00,
FEATURE,Lickskillet Hollow,VA,,,603.2,2200,2017-05-07T14:36:00,
FEATURE,Powerline,VA,,,604.4,2771,2017-05-07T15:01:00,
FEATURE,VA 606,VA,37.1757,-80.9083,608.5,2041,2017-05-07T16:35:00,
FEATURE,Dismal Falls Trail,VA,,,610.3,2343,2017-05-07T17:02:00,
FEATURE,Dismal Falls Trail,VA,,,610.3,2343,2017-05-08T07:15:00,
FEATURE,Woods road,VA,,,613.1,2585,2017-05-08T08:46:00,
SHELTER,Wapiti Shelter,VA,37.2240141,-80.8239444,616.5,2603,2017-05-08T09:49:00,
FEATURE,View,VA,,,619.1,3896,2017-05-08T11:00:00,
FEATURE,Radio tower,VA,,,621.4,4027,2017-05-08T12:14:00,
FEATURE,Big Horse Gap,VA,,,622.1,3749,2017-05-08T12:38:00,
FEATURE,Sugar Run Gap,VA,,,623.7,3395,2017-05-08T13:21:00,
SHELTER,Docs Knob Shelter,VA,37.2702763,-80.836224,626,3541,2017-05-08T14:17:00,
SHELTER,Docs Knob Shelter,VA,37.2702763,-80.836224,626,3541,2017-05-09T07:26:00,
FEATURE,Powerline,VA,,,629.7,3431,2017-05-09T08:36:00,
FEATURE,View,VA,,,631.8,3693,2017-05-09T09:21:00,
FEATURE,Angels Rest,VA,,,632.4,3550,2017-05-09T09:35:00,
FEATURE,VA 634,VA,37.329319,-80.751656,634.3,2010,2017-05-09T10:27:00,
FEATURE,Narrows road parking area,VA,37.3341,-80.7553,635.4,1603,2017-05-09T10:51:00,
FEATURE,US 460,VA,,,636,1589,2017-05-09T10:59:00,
FEATURE,Landfill road,VA,,,637,1587,2017-05-09T11:27:00,
FEATURE,Cross Clendennin road,VA,,,639.5,2190,2017-05-09T12:13:00,
FEATURE,Powerline,VA,,,640.3,2637,2017-05-09T12:38:00,
SHELTER,Rice Field Shelter,VA,37.3748614,-80.7583543,642.1,3375,2017-05-09T13:18:00,
SHELTER,Rice Field Shelter,VA,37.3748614,-80.7583543,642.1,3375,2017-05-10T07:41:00,
FEATURE,Powerline,VA,,,643.2,3435,2017-05-10T08:00:00,
FEATURE,Groundhog Trail,VA,,,648.2,3421,2017-05-10T09:47:00,
FEATURE,Allegheny Trail,VA,,,652.2,3726,2017-05-10T11:27:00,
SHELTER,Pine Swamp Branch Shelter,VA,37.4221543,-80.608555,654.7,2532,2017-05-10T12:27:00,
FEATURE,The Captains,VA,,,655.9,2410,2017-05-10T14:26:00,
FEATURE,Bridge over Stony Creek,VA,,,657.1,2450,2017-05-10T16:03:00,
FEATURE,Gravel road,VA,,,658.1,3121,2017-05-10T16:29:00,
SHELTER,Bailey Gap Shelter,VA,37.4009267,-80.5770362,658.6,3510,2017-05-10T16:42:00,
SHELTER,Bailey Gap Shelter,VA,37.4009267,-80.5770362,658.6,3510,2017-05-11T07:50:00,
FEATURE,VA 613,VA,,,662.3,3950,2017-05-11T09:37:00,
FEATURE,War Branch Trail,VA,,,665.4,3507,2017-05-11T10:39:00,
SHELTER,War Spur Shelter,VA,37.3976093,-80.4738348,667.4,2361,2017-05-11T11:22:00,
FEATURE,VA 632,VA,,,668.2,2080,2017-05-11T12:51:00,
FEATURE,Rocky Gap,VA,,,670.2,3264,2017-05-11T13:40:00,
FEATURE,Johns Creek Mountain Trail,VA,,,670.8,3782,2017-05-11T13:53:00,
FEATURE,Kelly Knob,VA,,,672,3730,2017-05-11T14:54:00,
SHELTER,Laurel Creek Shelter,VA,37.3589782,-80.4209807,673.2,2798,2017-05-11T15:45:00,
SHELTER,Laurel Creek Shelter,VA,37.3589782,-80.4209807,673.2,2798,2017-05-12T07:25:00,
FEATURE,Pasture,VA,,,675.3,2227,2017-05-12T08:04:00,
FEATURE,VA 42,VA,,,675.7,2097,2017-05-12T08:19:00,
FEATURE,VA 630,VA,,,676.5,2145,2017-05-12T08:40:00,
FEATURE,Keffer Oak,VA,,,676.9,2322,2017-05-12T08:50:00,
FEATURE,Powerline,VA,,,677.3,2526,2017-05-12T09:08:00,
FEATURE,Powerline,VA,,,678.7,3223,2017-05-12T09:40:00,
SHELTER,Sarver Hollow Shelter,VA,37.3554515,-80.3351967,679.6,3402,2017-05-12T10:00:00,
FEATURE,Eastern Continental Divide Trail,VA,,,682.9,3368,2017-05-12T11:26:00,
SHELTER,Niday Shelter,VA,37.3875539,-80.2642126,685.6,1988,2017-05-12T12:28:00,
FEATURE,VA 621,VA,,,687,1547,2017-05-12T14:07:00,
FEATURE,Footbridge over Craig Creek,VA,,,687.5,1583,2017-05-12T14:12:00,
FEATURE,Bench at southern crest of Brush Mountain,VA,,,690,2988,2017-05-12T15:15:00,
FEATURE,Audie Murphy Monument,VA,,,690.7,3100,2017-05-12T15:28:00,
FEATURE,VA 620,VA,,,694.5,1548,2017-05-12T16:55:00,
SHELTER,Pickle Branch Shelter,VA,37.3881068,-80.1911152,695.7,1951,2017-05-12T17:23:00,
SHELTER,Pickle Branch Shelter,VA,37.3881068,-80.1911152,695.7,1951,2017-05-13T09:39:00,
FEATURE,View,VA,,,696.7,2392,2017-05-13T10:00:00,
FEATURE,Cove Mountain,VA,,,699.9,3020,2017-05-13T11:21:00,
FEATURE,Scout Trail,VA,,,702,2039,2017-05-13T13:29:00,
FEATURE,VA 624,VA,,,702.4,1810,2017-05-13T13:38:00,
FEATURE,Stream,VA,,,703.2,1816,2017-05-13T16:12:00,
FEATURE,VA 785,VA,,,704,1790,2017-05-13T16:38:00,
FEATURE,VA 311,VA,37.3801,-80.0898,708.3,1990,2017-05-13T18:37:00,
SHELTER,Johns Spring Shelter,VA,37.3853788,-80.073909,709.3,1957,2017-05-13T19:17:00,
SHELTER,Johns Spring Shelter,VA,37.3853788,-80.073909,709.3,1957,2017-05-14T04:45:00,
SHELTER,Catawba Mountain Shelter,VA,37.3882625,-80.0571996,710.3,2203,2017-05-14T05:15:00,
FEATURE,McAfee Knob,VA,37.392421,-80.036987,712,3197,2017-05-14T05:54:00,
SHELTER,Campbell Shelter,VA,37.3908569,-80.0292814,712.7,2636,2017-05-14T06:46:00,
FEATURE,Scorched Earth Gap,VA,,,718.1,2600,2017-05-14T08:55:00,
SHELTER,Lamberts Meadow Shelter,VA,37.4346261,-79.9875626,718.7,2126,2017-05-14T09:09:00,
FEATURE,Trail to View,VA,,,721.2,2217,2017-05-14T10:06:00,
FEATURE,Powerline,VA,,,723.4,1840,2017-05-14T11:02:00,
FEATURE,Powerline,VA,,,725.3,1920,2017-05-14T11:50:00,
FEATURE,Powerline,VA,,,726.1,1959,2017-05-14T12:12:00,
FEATURE,Powerline,VA,,,726.9,1386,2017-05-14T12:31:00,
FEATURE,Railroad tracks,VA,,,727.5,1165,2017-05-14T12:42:00,
FEATURE,US 220 (Daleville),VA,37.393822,-79.90643,728.1,1253,2017-05-14T12:55:00,
FEATURE,US 220 (Daleville),VA,37.393822,-79.90643,728.1,1253,2017-05-16T12:51:00,
FEATURE,I-81,VA,,,729.3,1400,2017-05-16T13:15:00,
FEATURE,US 11,VA,37.4045,-79.8895,729.6,1300,2017-05-16T13:25:00,
FEATURE,VA 652,VA,,,730.1,1450,2017-05-16T13:41:00,
SHELTER,Fullhardt Knob Shelter,VA,37.3985317,-79.8537058,733.1,2632,2017-05-16T14:50:00,
FEATURE,Salt Pond Rd,VA,,,735.9,2248,2017-05-16T16:07:00,
FEATURE,Curry Creek,VA,,,736.7,1572,2017-05-16T16:29:00,
FEATURE,Wilson Creek,VA,,,738.8,1549,2017-05-16T17:12:00,
SHELTER,Wilson Creek Shelter,VA,37.4193262,-79.7855048,739.3,1854,2017-05-16T17:25:00,
SHELTER,Wilson Creek Shelter,VA,37.4193262,-79.7855048,739.3,1854,2017-05-17T07:20:00,
FEATURE,Black Horse Gap,VA,,,741.7,2404,2017-05-17T08:07:00,
FEATURE,Taylors Mountain Overlook,VA,,,742.4,2350,2017-05-17T09:06:00,
FEATURE,Harveys Knob Overlook,VA,,,744.2,2527,2017-05-17T09:40:00,
FEATURE,Hammond Hollow Trail,VA,,,745.9,2327,2017-05-17T10:17:00,
SHELTER,Bobblets Gap Shelter,VA,37.4672608,-79.7012044,746.6,2086,2017-05-17T10:30:00,
FEATURE,Peaks of Otter Overlook,VA,,,747.4,2341,2017-05-17T10:46:00,
FEATURE,Mills Gap Overlook,VA,,,748,2450,2017-05-17T11:19:00,
FEATURE,Bearwallow Gap,VA,37.485674,-79.66854,749.7,2228,2017-05-17T12:48:00,
FEATURE,Little Cove Mountain Trail,VA,,,751.7,2517,2017-05-17T13:27:00,
SHELTER,Cove Mountain Shelter,VA,37.5117698,-79.6508263,753.1,1942,2017-05-17T13:54:00,
FEATURE,Jennings Creek,VA,,,756.3,951,2017-05-17T15:00:00,
FEATURE,Jennings Creek,VA,,,756.3,951,2017-05-18T07:25:00,
SHELTER,Bryant Ridge Shelter,VA,37.5301026,-79.585326,760.1,1277,2017-05-18T09:02:00,
FEATURE,Campsite,VA,,,763.2,2937,2017-05-18T11:38:00,
SHELTER,Cornelius Creek Shelter,VA,37.4939756,-79.5469707,765,3114,2017-05-18T12:21:00,
FEATURE,Black Rock Overlook,VA,,,765.9,3450,2017-05-18T12:48:00,
FEATURE,Cornelius Creek Trail,VA,,,766.5,3224,2017-05-18T13:01:00,
FEATURE,Apple Orchard Falls Trail,VA,,,767.6,3351,2017-05-18T13:25:00,
FEATURE,FAA Tower,VA,,,769.1,4225,2017-05-18T14:03:00,
FEATURE,BRP 76.3,VA,,,770,3900,2017-05-18T14:24:00,
SHELTER,Thunder Hill Shelter,VA,37.5274386,-79.5039496,770.3,3917,2017-05-18T14:30:00,
SHELTER,Thunder Hill Shelter,VA,37.5274386,-79.5039496,770.3,3917,2017-05-19T07:02:00,
FEATURE,Hunting Creek Trail,VA,,,771.3,3594,2017-05-19T07:21:00,
FEATURE,Thunder Ridge Overlook,VA,,,771.7,3501,2017-05-19T07:30:00,
FEATURE,Harrison Ground Spring,VA,,,773.5,3307,2017-05-19T08:10:00,
FEATURE,Spring,VA,,,774.1,2908,2017-05-19T08:41:00,
FEATURE,Petites Gap,VA,,,775,2369,2017-05-19T09:06:00,
FEATURE,Highcock Knob,VA,,,776.2,3064,2017-05-19T09:45:00,
FEATURE,Marble Spring,VA,,,777.2,2349,2017-05-19T10:10:00,
FEATURE,Sulphur Spring Trail south crossing,VA,,,777.7,2456,2017-05-19T10:43:00,
FEATURE,Gunter Ridge Trail,VA,,,777.7,2650,2017-05-19T11:17:00,
FEATURE,Big Cove Branch,VA,,,780.8,1890,2017-05-19T11:45:00,
SHELTER,Matts Creek Shelter,VA,37.5995108,-79.4132249,782.7,848,2017-05-19T12:32:00,
FEATURE,James River Footbridge,VA,,,784.7,678,2017-05-19T13:12:00,
FEATURE,"US 501, VA 130",VA,37.596762,-79.389936,784.9,680,2017-05-19T13:23:00,
FEATURE,VA 812,VA,,,786,801,2017-05-19T13:45:00,
SHELTER,Johns Hollow Shelter,VA,37.6130592,-79.3918448,786.6,1021,2017-05-19T13:58:00,
SHELTER,Johns Hollow Shelter,VA,37.6130592,-79.3918448,786.6,1021,2017-05-20T06:23:00,
FEATURE,Little Rocky Row Trail,VA,,,788.6,2416,2017-05-20T07:12:00,
FEATURE,Big Rocky Row,VA,,,789.7,2992,2017-05-20T07:50:00,
FEATURE,Saddle Gap,VA,,,791.2,2600,2017-05-20T08:21:00,
FEATURE,Saltlog Gap,VA,,,792.3,2573,2017-05-20T08:43:00,
SHELTER,Punchbowl Shelter,VA,37.6778118,-79.3385164,795.4,2487,2017-05-20T09:50:00,
FEATURE,Punchbowl Mountain Overlook,VA,,,795.8,2170,2017-05-20T10:09:00,
FEATURE,Dirt Road,VA,,,799,1306,2017-05-20T11:41:00,
FEATURE,Reservoir Road,VA,,,799.9,952,2017-05-20T12:03:00,
FEATURE,Swapping Camp Rd,VA,,,802.9,1286,2017-05-20T13:16:00,
SHELTER,Brown Mountain Creek Shelter,VA,37.7102862,-79.2679286,804.9,1358,2017-05-20T14:00:00,
FEATURE,US 60 (Buena Vista),VA,37.7234,-79.2506,806.7,2065,2017-05-20T14:52:00,
FEATURE,US 60 (Buena Vista),VA,37.7234,-79.2506,806.7,2065,2017-05-21T11:13:00,
FEATURE,Bald Knob,VA,,,809.5,4059,2017-05-21T13:16:00,
SHELTER,Cow Camp Shelter,VA,37.7466787,-79.2130641,810.5,3468,2017-05-21T13:42:00,
FEATURE,Hog Camp Gap,VA,,,813,3503,2017-05-21T14:39:00,
FEATURE,Salt Log Gap,VA,,,815.2,3257,2017-05-21T15:28:00,
FEATURE,USFS 246,VA,,,816.4,3556,2017-05-21T15:53:00,
FEATURE,Greasy Spring Rd,VA,,,816.9,3600,2017-05-21T16:10:00,
FEATURE,Piney River,VA,,,818.8,3482,2017-05-21T17:01:00,
SHELTER,Seeley-Woodworth Shelter,VA,37.8189848,-79.1548883,820.7,3806,2017-05-21T17:32:00,
SHELTER,Seeley-Woodworth Shelter,VA,37.8189848,-79.1548883,820.7,3806,2017-05-22T06:32:00,
FEATURE,Rock Spring,VA,,,821.8,3517,2017-05-22T06:57:00,
FEATURE,Spy Rock Rd,VA,,,823,3454,2017-05-22T07:42:00,
FEATURE,Campsite,VA,,,823.4,3781,2017-05-22T08:03:00,
FEATURE,Cash Hollow Rd,VA,,,825.6,3280,2017-05-22T08:52:00,
FEATURE,VA 826,VA,,,826.4,3350,2017-05-22T09:20:00,
SHELTER,The Priest Shelter,VA,37.8178045,-79.0703443,827.3,3885,2017-05-22T09:55:00,
FEATURE,VA 56,VA,,,832.1,970,2017-05-22T12:02:00,
FEATURE,Mau-Har Trail,VA,,,833.8,2019,2017-05-22T12:46:00,
SHELTER,Harpers Creek Shelter,VA,37.8564688,-79.0009732,834.9,1892,2017-05-22T13:13:00,
FEATURE,Three Ridges Mountain,VA,,,838.2,3959,2017-05-22T14:43:00,
SHELTER,Maupin Field Shelter,VA,37.8849346,-78.9935968,841.1,2746,2017-05-22T15:55:00,
FEATURE,Reeds Gap,VA,,,842.8,2650,2017-05-22T16:31:00,
FEATURE,Reeds Gap,VA,,,842.8,2650,2017-05-23T07:46:00,
FEATURE,Three Ridges Overlook,VA,,,843.3,2700,2017-05-23T08:04:00,
FEATURE,Rock Point Overlook,VA,,,846.3,2791,2017-05-23T09:12:00,
FEATURE,Laurel Springs Gap,VA,,,847.9,2849,2017-05-23T09:49:00,
FEATURE,Humpback Mountain,VA,,,850.4,3628,2017-05-23T11:04:00,
FEATURE,Trail to Humpback Gap,VA,,,854.2,2328,2017-05-23T12:38:00,
FEATURE,Albright Loop Trail,VA,,,855.6,2225,2017-05-23T13:08:00,
SHELTER,Paul C. Wolfe Shelter,VA,37.9856889,-78.8836462,856.9,1574,2017-05-23T13:44:00,
FEATURE,Small cemetery,VA,,,857.7,1860,2017-05-23T14:28:00,
FEATURE,Rockfish Gap (Waynesboro),VA,38.0311,-78.8591,861.9,1917,2017-05-23T16:07:00,
FEATURE,Rockfish Gap (Waynesboro),VA,38.0311,-78.8591,861.9,1917,2017-05-31T14:54:00,
FEATURE,Southern Boundary SNP,VA,38.037176,-78.855293,862.9,2221,2017-05-31T15:12:00,
FEATURE,McCormick Gap,VA,,,865.6,2450,2017-05-31T16:34:00,
FEATURE,Bears Den Mountain,VA,,,866.9,2885,2017-05-31T17:10:00,
FEATURE,Beagle Gap,VA,,,867.4,2550,2017-05-31T17:33:00,
FEATURE,Little Calf Mountain,VA,,,868.2,2917,2017-05-31T17:52:00,
SHELTER,Calf Mountain Shelter,VA,38.0855703,-78.7865632,869.6,2668,2017-05-31T18:23:00,
SHELTER,Calf Mountain Shelter,VA,38.0855703,-78.7865632,869.6,2668,2017-06-01T06:51:00,
FEATURE,Powerline,VA,,,870.1,2293,2017-06-01T07:01:00,
FEATURE,Gravel road,VA,,,870.6,2248,2017-06-01T07:13:00,
FEATURE,Sawmill Run Overlook,VA,,,872.4,2200,2017-06-01T07:53:00,
FEATURE,Turk Mountain Trail,VA,,,873.8,2657,2017-06-01T08:25:00,
FEATURE,Skyline 92.4,VA,,,876,3009,2017-06-01T09:18:00,
FEATURE,Skyline 90.0,VA,,,879,2752,2017-06-01T10:35:00,
FEATURE,Black Rock Gap,VA,,,881.9,2321,2017-06-01T11:43:00,
SHELTER,Blackrock Hut,VA,38.2141322,-78.7423944,882.6,2743,2017-06-01T12:38:00,
FEATURE,Blackrock,VA,,,883.1,3092,2017-06-01T13:25:00,
FEATURE,Skyline 84.3,VA,,,884.2,2800,2017-06-01T14:00:00,
FEATURE,Browns Gap,VA,,,885.6,2576,2017-06-01T14:34:00,
FEATURE,Skyline 82.2,VA,,,886.5,2795,2017-06-01T15:00:00,
FEATURE,Doyles River Parking Overlook,VA,,,887,2854,2017-06-01T15:13:00,
FEATURE,Loft Mountain Campground,VA,,,888.7,3259,2017-06-01T15:58:00,
FEATURE,Loft Mountain Campground,VA,,,888.7,3259,2017-06-02T08:42:00,
FEATURE,Loft Mountain Store,VA,,,889.9,3159,2017-06-02T09:05:00,
FEATURE,Loft Mountain Wayside,VA,,,891.1,3291,2017-06-02T09:35:00,
FEATURE,Ivy Creek,VA,,,892.7,2560,2017-06-02T11:10:00,
FEATURE,Ivy Creek Overlook,VA,,,894.2,2876,2017-06-02T11:47:00,
SHELTER,Pinefield Hut,VA,38.2905971,-78.6457316,895.8,2474,2017-06-02T12:34:00,
FEATURE,Pinefield Gap,VA,,,896,2590,2017-06-02T13:48:00,
FEATURE,Simmons Gap,VA,,,897.9,2250,2017-06-02T14:24:00,
FEATURE,Powell Gap,VA,,,901.2,2294,2017-06-02T15:56:00,
FEATURE,Smith Roach Gap,VA,,,902.8,2600,2017-06-02T16:32:00,
SHELTER,Hightop Hut,VA,38.3330855,-78.5583619,904,3183,2017-06-02T17:04:00,
SHELTER,Hightop Hut,VA,38.3330855,-78.5583619,904,3183,2017-06-03T06:58:00,
FEATURE,Skyline 66.7,VA,,,906.1,2650,2017-06-03T07:50:00,
FEATURE,Swift Run Gap,VA,,,907.4,2367,2017-06-03T08:31:00,
FEATURE,Saddleback Mountain Trail,VA,,,909,3022,2017-06-03T09:09:00,
FEATURE,South River Fire Road,VA,,,910.9,2881,2017-06-03T09:53:00,
FEATURE,Baldface Mountain,VA,,,912.5,3624,2017-06-03T10:58:00,
FEATURE,Pocosin Cabin,VA,,,913.7,3150,2017-06-03T11:32:00,
FEATURE,Lewis Mountain Campground,VA,,,915.6,3443,2017-06-03T12:26:00,
SHELTER,Bearfence Mountain Hut,VA,38.4441242,-78.4704345,916.4,3198,2017-06-03T13:46:00,
FEATURE,Bootens Gap,VA,,,919,3243,2017-06-03T14:51:00,
FEATURE,Hazeltop Mt,VA,38.479782,-78.449997,919.9,3812,2017-06-03T15:12:00,
FEATURE,Milam Gap,VA,,,921.8,3300,2017-06-03T16:05:00,
FEATURE,Fishers Gap,VA,,,926,3050,2017-06-03T18:11:00,
SHELTER,Rock Spring Hut,VA,38.5531171,-78.408309,927.9,3509,2017-06-03T18:42:00,
SHELTER,Rock Spring Hut,VA,38.5531171,-78.408309,927.9,3509,2017-06-04T06:41:00,
FEATURE,Skyland Resort and Restaurant,VA,,,932.3,3760,2017-06-04T08:24:00,
FEATURE,Stony Man Mt,VA,38.597886,-78.371919,932.9,3837,2017-06-04T09:48:00,
FEATURE,Pinnacles Picnic Area,VA,,,936.7,3410,2017-06-04T11:31:00,
SHELTER,Byrds Nest #3 Hut,VA,38.634396,-78.323651,938.8,3266,2017-06-04T12:58:00,
FEATURE,US 211 (Luray),VA,38.6605,-78.3221,942,2239,2017-06-04T14:28:00,
FEATURE,US 211 (Luray),VA,38.6605,-78.3221,942,2239,2017-06-06T13:46:00,
SHELTER,Pass Mountain Hut,VA,38.6766102,-78.3189085,943.2,2789,2017-06-06T14:09:00,
FEATURE,Beahms Gap Overlook,VA,,,945.1,2490,2017-06-06T14:47:00,
FEATURE,Neighbor Mountain Trail,VA,,,946.4,2675,2017-06-06T15:19:00,
FEATURE,Elkwallow Wayside,VA,,,950.6,2480,2017-06-06T16:44:00,
FEATURE,Range View Cabin,VA,,,951.3,2969,2017-06-06T17:24:00,
FEATURE,Rattlesnake Point Overlook,VA,,,952.1,3083,2017-06-06T17:38:00,
FEATURE,Skyline 18.8,VA,,,955.3,2795,2017-06-06T18:50:00,
SHELTER,Gravel Springs Hut,VA,38.7635129,-78.2342133,956.3,2635,2017-06-06T19:12:00,
SHELTER,Gravel Springs Hut,VA,38.7635129,-78.2342133,956.3,2635,2017-06-07T07:03:00,
FEATURE,Skyline 15.9,VA,,,958.1,3050,2017-06-07T07:46:00,
FEATURE,Hogwallow Gap,VA,,,960.3,2739,2017-06-07T08:45:00,
FEATURE,Compton Peak,VA,,,963.3,2909,2017-06-07T10:04:00,
FEATURE,Compton Gap,VA,,,964.1,2434,2017-06-07T10:41:00,
SHELTER,Tom Floyd Shelter,VA,38.8504311,-78.1636383,966.8,1943,2017-06-07T11:54:00,
FEATURE,VA 602,VA,,,968.3,1083,2017-06-07T12:33:00,
FEATURE,US 522,VA,38.878,-78.1507,969.7,950,2017-06-07T13:07:00,
FEATURE,CCC Road,VA,,,973,1800,2017-06-07T15:03:00,
SHELTER,Jim & Molly Denton Shelter,VA,38.8899997,-78.0830451,974.9,1326,2017-06-07T15:54:00,
FEATURE,VA 638,VA,,,976,1070,2017-06-07T17:11:00,
FEATURE,Ridgetop Clearing,VA,,,976.7,1437,2017-06-07T17:26:00,
FEATURE,Manassas Gap,VA,38.9092,-78.0533,977.9,800,2017-06-07T17:55:00,
FEATURE,Tuckers Lane Parking,VA,,,978.1,817,2017-06-07T18:20:00,
SHELTER,Manassas Gap Shelter,VA,38.9306324,-78.0327781,980.4,1669,2017-06-07T19:15:00,
SHELTER,Manassas Gap Shelter,VA,38.9306324,-78.0327781,980.4,1669,2017-06-08T07:11:00,
FEATURE,Trico Tower Trail,VA,,,982.4,2080,2017-06-08T07:52:00,
SHELTER,Dick's Dome Shelter,VA,38.969954,-77.9967334,984.9,1397,2017-06-08T08:44:00,
FEATURE,Powerline,VA,,,985.3,1607,2017-06-08T09:08:00,
FEATURE,Boundary to Sky Meadows State Park,VA,,,986.9,1832,2017-06-08T09:43:00,
FEATURE,Ashby Gap,VA,,,989.7,945,2017-06-08T10:57:00,
SHELTER,Rod Hollow Shelter,VA,39.0478551,-77.9440873,993.3,891,2017-06-08T12:22:00,
FEATURE,South End of Roller Coaster,VA,,,993.7,802,2017-06-08T13:06:00,
FEATURE,Footbridge,VA,,,996.6,775,2017-06-08T14:04:00,
FEATURE,VA 605,VA,,,997.1,1047,2017-06-08T14:16:00,
SHELTER,Sam Moore Shelter,VA,39.0906766,-77.8862848,1000.2,904,2017-06-08T15:28:00,
SHELTER,Sam Moore Shelter,VA,39.0906766,-77.8862848,1000.2,904,2017-06-09T06:47:00,
FEATURE,Bears Den Rocks,VA,,,1003.2,1265,2017-06-09T08:11:00,
FEATURE,Snickers Gap,VA,39.1153,-77.8475,1003.8,1000,2017-06-09T08:37:00,
FEATURE,VA/WV border,VA,,,1006.3,1146,2017-06-09T10:18:00,
FEATURE,Wilson Gap,VA,,,1010,1380,2017-06-09T11:38:00,
FEATURE,Buzzard Rocks,VA,,,1013.9,1518,2017-06-09T13:29:00,
SHELTER,David Lesser Shelter,VA,39.227215,-77.7792448,1014.4,1421,2017-06-09T13:41:00,
FEATURE,Keys Gap,VA,,,1017.4,911,2017-06-09T14:55:00,
FEATURE,Powerline,VA,,,1018.9,916,2017-06-09T15:29:00,
FEATURE,VA/WV border,VA,,,1021.3,1117,2017-06-09T16:16:00,
FEATURE,WV 32,VA,,,1021.9,580,2017-06-09T16:47:00,
FEATURE,US 340,VA,,,1022.8,319,2017-06-09T17:03:00,
FEATURE,Harpers Ferry,WV,39.3165,-77.7558,1023.7,274,2017-06-09T17:29:00,
FEATURE,Harpers Ferry,WV,39.3165,-77.7558,1023.7,274,2017-06-10T01:45:00,
FEATURE,US 340 underpass,MD,,,1026.6,246,2017-06-10T02:51:00,
SHELTER,Ed Garvey Shelter,MD,39.356454,-77.6642532,1030,1083,2017-06-10T04:14:00,
FEATURE,Brownsville Gap,MD,,,1031.8,1063,2017-06-10T05:12:00,
FEATURE,Gapland Road,MD,,,1033.7,950,2017-06-10T05:45:00,
SHELTER,Crampton Gap Shelter,MD,39.4125585,-77.63734,1034.1,1163,2017-06-10T06:22:00,
FEATURE,Bear Spring Cabin,MD,,,1036.7,1437,2017-06-10T07:11:00,
FEATURE,Lambs Knoll tower road,MD,,,1038.6,1347,2017-06-10T08:32:00,
SHELTER,Rocky Run Shelters,MD,39.4608415,-77.631046,1039.1,982,2017-06-10T08:54:00,
FEATURE,Fox Gap,MD,,,1040.1,1068,2017-06-10T09:14:00,
SHELTER,Dahlgren Backpack Campground,MD,,,1040.9,980,2017-06-10T09:33:00,
FEATURE,Turners Gap,MD,,,1041.2,1080,2017-06-10T10:41:00,
FEATURE,Monument Road,MD,,,1042.5,1256,2017-06-10T11:10:00,
FEATURE,Powerline,MD,,,1043.4,1311,2017-06-10T11:45:00,
FEATURE,Boonsboro Mountain Road,MD,,,1045.2,1297,2017-06-10T12:24:00,
FEATURE,I70 footbridge,MD,,,1045.9,1239,2017-06-10T12:39:00,
SHELTER,Pine Knob Shelter,MD,39.5425312,-77.6020871,1046.6,1378,2017-06-10T13:56:00,
FEATURE,Annapolis Rocks,MD,,,1048.2,1756,2017-06-10T14:33:00,
FEATURE,Pogo Campsite,MD,,,1049.8,1500,2017-06-10T15:14:00,
FEATURE,Wolfsville Rd,MD,39.629968,-77.559057,1054.6,1340,2017-06-10T18:04:00,
SHELTER,Ensign Cowall Shelter,MD,39.6277409,-77.5576192,1054.8,1384,2017-06-10T18:21:00,
FEATURE,Foxville Road,MD,,,1056.1,1590,2017-06-10T18:49:00,
FEATURE,Warner Gap Hollow,MD,,,1057.9,1150,2017-06-10T19:52:00,
FEATURE,Raven Rock Road,MD,,,1058.7,1062,2017-06-10T20:28:00,
SHELTER,Raven Rock Shelter,MD,39.6720608,-77.52433,1059.7,1647,2017-06-10T20:54:00,
FEATURE,Pen Mar County Park,MD,39.7164,-77.5072,1064.3,1321,2017-06-10T23:15:00,
FEATURE,Pen Mar County Park,MD,39.7164,-77.5072,1064.3,1321,2017-06-13T13:12:00,
FEATURE,Mason Dixon Line,MD,39.719945,-77.507603,1064.6,1250,2017-06-13T13:22:00,
FEATURE,Buena Vista Road,PA,,,1065.7,1290,2017-06-13T13:49:00,
FEATURE,Old PA 16,PA,,,1066.9,1278,2017-06-13T14:25:00,
FEATURE,PA 16,PA,,,1067.2,1200,2017-06-13T14:34:00,
FEATURE,Rattlesnake Run Road,PA,,,1067.8,1378,2017-06-13T15:04:00,
SHELTER,Deer Lick Shelters,PA,39.766212,-77.4848896,1069.3,1406,2017-06-13T15:35:00,
SHELTER,Antietam Shelter,PA,39.7938314,-77.4826513,1071.7,889,2017-06-13T16:38:00,
SHELTER,Tumbling Run Shelters,PA,39.805027,-77.4779358,1072.9,1082,2017-06-13T17:09:00,
SHELTER,Tumbling Run Shelters,PA,39.805027,-77.4779358,1072.9,1082,2017-06-14T07:32:00,
FEATURE,Chimney Rocks,PA,,,1074.2,1900,2017-06-14T08:07:00,
FEATURE,Pipeline clearing,PA,,,1075.1,1916,2017-06-14T08:44:00,
FEATURE,PA 233,PA,39.849612,-77.508784,1077.9,1605,2017-06-14T09:57:00,
SHELTER,Rocky Mountain Shelters,PA,39.8685824,-77.5005762,1079.5,1662,2017-06-14T10:35:00,
FEATURE,US 30,PA,39.9059,-77.4786,1082.5,960,2017-06-14T11:49:00,
FEATURE,Caledonia State Park,PA,,,1082.9,934,2017-06-14T11:57:00,
FEATURE,Locust Gap Road,PA,,,1083.7,1334,2017-06-14T12:22:00,
SHELTER,Quarry Gap Shelters,PA,39.9319782,-77.486416,1085.1,1471,2017-06-14T12:47:00,
FEATURE,5-way gravel road intersection,PA,,,1086.6,1984,2017-06-14T13:26:00,
FEATURE,Powerline,PA,,,1087.4,1867,2017-06-14T13:42:00,
FEATURE,Middle Ridge Road,PA,,,1089.1,2070,2017-06-14T14:16:00,
FEATURE,PATC Milesburn Cabin,PA,,,1090.1,1681,2017-06-14T14:45:00,
FEATURE,Ridge Road,PA,,,1090.4,1907,2017-06-14T14:54:00,
FEATURE,Powerline,PA,,,1091.8,1913,2017-06-14T15:20:00,
SHELTER,Birch Run Shelter,PA,39.9846095,-77.4204207,1092.5,1800,2017-06-14T15:33:00,
SHELTER,Birch Run Shelter,PA,39.9846095,-77.4204207,1092.5,1800,2017-06-15T06:41:00,
FEATURE,Shippensburg Road,PA,,,1093.8,2040,2017-06-15T07:08:00,
FEATURE,Dead Womans Hollow Road,PA,,,1094.9,1954,2017-06-15T07:29:00,
FEATURE,Michener Cabin,PA,,,1095.7,1850,2017-06-15T07:51:00,
FEATURE,Woods Road,PA,,,1096.3,1849,2017-06-15T08:02:00,
FEATURE,Woodrow Road,PA,,,1097.6,1779,2017-06-15T08:24:00,
SHELTER,Toms Run Shelter,PA,40.0343123,-77.3569912,1098.7,1302,2017-06-15T09:05:00,
FEATURE,Michaux Road,PA,,,1099.9,1330,2017-06-15T09:33:00,
FEATURE,Toms Run,PA,,,1100.8,1020,2017-06-15T09:50:00,
FEATURE,PA 233,PA,,,1102,899,2017-06-15T10:23:00,
FEATURE,Fuller Lake,PA,,,1102.8,841,2017-06-15T11:15:00,
SHELTER,James Fry Shelter,PA,40.0629915,-77.2060616,1109.6,699,2017-06-15T13:22:00,
FEATURE,Pine Grove Road,PA,,,1110,664,2017-06-15T13:33:00,
FEATURE,PA 34,PA,40.0777,-77.1945,1110.8,625,2017-06-15T13:54:00,
FEATURE,PA 34,PA,40.0777,-77.1945,1110.8,625,2017-06-17T08:40:00,
FEATURE,PA 94,PA,40.09183,-77.167806,1112.8,880,2017-06-17T09:21:00,
FEATURE,Sheet Iron Roof Road,PA,,,1113.1,773,2017-06-17T09:28:00,
FEATURE,Old Town Road,PA,,,1114.2,736,2017-06-17T09:48:00,
SHELTER,Alec Kennedy Shelter,PA,40.1119419,-77.1039282,1117.7,950,2017-06-17T11:10:00,
FEATURE,Center Point Knob,PA,,,1118.6,1060,2017-06-17T11:30:00,
FEATURE,Leidigh Drive,PA,,,1120.5,553,2017-06-17T12:07:00,
FEATURE,Boiling Springs,PA,40.150138,-77.127187,1121.6,500,2017-06-17T12:28:00,
FEATURE,PA 74,PA,,,1123.7,573,2017-06-17T13:35:00,
FEATURE,Lisburn Road,PA,,,1124.7,547,2017-06-17T13:57:00,
FEATURE,Byers Road,PA,,,1125.2,556,2017-06-17T14:12:00,
FEATURE,Trindle Road,PA,40.195,-77.1083,1125.7,540,2017-06-17T14:22:00,
FEATURE,Ridge Road,PA,,,1126.9,471,2017-06-17T14:42:00,
FEATURE,Old Stone House Road,PA,,,1127.4,474,2017-06-17T15:11:00,
FEATURE,Appalachian Drive,PA,,,1128.1,525,2017-06-17T15:24:00,
FEATURE,PA Turnpike overpass,PA,,,1128.4,498,2017-06-17T15:30:00,
FEATURE,US 11,PA,,,1129.6,490,2017-06-17T16:04:00,
FEATURE,Pass over I81,PA,,,1130.5,485,2017-06-17T16:18:00,
FEATURE,Conodoguinet Creek,PA,,,1131.9,389,2017-06-17T16:47:00,
FEATURE,Sherwood Drive,PA,,,1133,397,2017-06-17T17:08:00,
FEATURE,PA 944 tunnel,PA,,,1133.9,480,2017-06-17T17:33:00,
SHELTER,Darlington Shelter,PA,40.301999,-77.0870194,1135.9,1221,2017-06-17T18:34:00,
SHELTER,Darlington Shelter,PA,40.301999,-77.0870194,1135.9,1221,2017-06-18T07:26:00,
SHELTER,Darlington Shelter,PA,40.301999,-77.0870194,1135.9,1221,2017-06-18T07:26:00,
FEATURE,Gravel road,PA,,,1137.5,725,2017-06-18T07:58:00,
FEATURE,PA 850,PA,40.322033,-77.077432,1138.1,673,2017-06-18T08:20:00,
SHELTER,Pipeline,PA,,,1140.6,1319,2017-06-18T09:30:00,
SHELTER,Cove Mountain Shelter,PA,,,1143.2,1274,2017-06-18T10:36:00,
FEATURE,Hawk Rock,PA,,,1145.2,1052,2017-06-18T11:33:00,
FEATURE,Duncannon,PA,40.39272,-77.030358,1147.2,393,2017-06-18T12:38:00,
FEATURE,Duncannon,PA,40.39272,-77.030358,1149,376,2017-06-18T13:23:00,
FEATURE,Duncannon,PA,40.39272,-77.030358,1149,376,2017-06-20T05:36:00,
SHELTER,Clarks Ferry Shelter,PA,40.3922413,-76.993699,1151.5,1211,2017-06-20T06:54:00,
FEATURE,Powerline,PA,,,1154.4,1225,2017-06-20T08:35:00,
FEATURE,PA 225,PA,40.4119,-76.9299,1155.3,1247,2017-06-20T08:58:00,
FEATURE,Powerline,PA,,,1155.9,1282,2017-06-20T09:20:00,
FEATURE,Table Rock,PA,,,1157.3,1333,2017-06-20T09:49:00,
SHELTER,Peters Mountain Shelter,PA,40.4258053,-76.8793499,1158.2,1169,2017-06-20T10:31:00,
FEATURE,Victoria Trail,PA,,,1159.2,1196,2017-06-20T11:55:00,
FEATURE,Kinter View,PA,,,1160.9,1320,2017-06-20T12:36:00,
FEATURE,Shikellimy Trail,PA,,,1162.3,1165,2017-06-20T13:13:00,
FEATURE,PA 325,PA,,,1164.9,550,2017-06-20T14:37:00,
FEATURE,Horse Shoe Trail,PA,,,1168.2,1650,2017-06-20T17:02:00,
FEATURE,Rattling Run,PA,,,1168.9,1504,2017-06-20T17:19:00,
FEATURE,Yellow Springs Village Site,PA,,,1171.6,1450,2017-06-20T18:15:00,
FEATURE,Yellow Springs Village Site,PA,,,1171.6,1450,2017-06-21T06:43:00,
FEATURE,Sand Spring Trail,PA,,,1173.7,1361,2017-06-21T07:22:00,
SHELTER,Rausch Gap Shelter,PA,40.4985403,-76.6001781,1176.2,1063,2017-06-21T08:35:00,
FEATURE,Cemetery,PA,,,1177,860,2017-06-21T08:53:00,
FEATURE,Second Mountain,PA,,,1178.3,1362,2017-06-21T09:18:00,
FEATURE,Greenpoint School Road,PA,,,1180.3,575,2017-06-21T10:06:00,
FEATURE,PA 72,PA,,,1180.9,483,2017-06-21T10:17:00,
FEATURE,Swatara Gap,PA,40.480126,-76.532587,1182.3,480,2017-06-21T11:21:00,
FEATURE,I81,PA,,,1182.7,450,2017-06-21T11:36:00,
FEATURE,Gravel road,PA,,,1183,615,2017-06-21T11:45:00,
FEATURE,Abandoned powerline,PA,,,1186.9,1386,2017-06-21T13:36:00,
SHELTER,William Penn Shelter,PA,40.4956167,-76.4140005,1189.6,1409,2017-06-21T14:48:00,
FEATURE,PA 645,PA,40.5066,-76.3768,1191.7,1219,2017-06-21T15:31:00,
SHELTER,501 Shelter,PA,40.5125193,-76.3465319,1193.7,1444,2017-06-21T16:34:00,
SHELTER,501 Shelter,PA,40.5125193,-76.3465319,1193.7,1444,2017-06-22T07:05:00,
FEATURE,Round Head,PA,,,1196.8,1500,2017-06-22T08:32:00,
FEATURE,Overlook,PA,,,1198.8,1404,2017-06-22T09:24:00,
FEATURE,Pipeline,PA,,,1200,1516,2017-06-22T10:08:00,
FEATURE,Fort Dietrich Snyder Monument,PA,,,1202.7,1474,2017-06-22T11:14:00,
FEATURE,PA 183,PA,,,1203,1423,2017-06-22T11:36:00,
FEATURE,Game Commission road,PA,,,1203.5,1479,2017-06-22T11:48:00,
FEATURE,Black Swatara Spring,PA,,,1204.3,1567,2017-06-22T12:12:00,
FEATURE,Eagles Nest Trail,PA,,,1206.9,1601,2017-06-22T13:37:00,
SHELTER,Eagles Nest Shelter,PA,40.5493069,-76.1523183,1208.8,1580,2017-06-22T14:26:00,
FEATURE,Shartlesville-Cross Mountain Road,PA,,,1210.7,1450,2017-06-22T15:13:00,
FEATURE,Phillips Canyon Spring,PA,,,1213.4,1500,2017-06-22T16:25:00,
FEATURE,State Game Land Road,PA,,,1215.4,1417,2017-06-22T16:56:00,
FEATURE,Pipeline clearing,PA,,,1216,1413,2017-06-22T17:38:00,
FEATURE,Schuylkill Trail,PA,40.5796,-76.0267,1217.6,564,2017-06-22T18:31:00,
FEATURE,Port Clinton,PA,,,1217.8,430,2017-06-22T18:43:00,
FEATURE,Port Clinton,PA,,,1217.8,430,2017-06-23T13:35:00,
FEATURE,Minnehaha Spring,PA,,,1221.8,1361,2017-06-23T15:15:00,
FEATURE,Reservoir Road,PA,,,1223.2,878,2017-06-23T15:46:00,
SHELTER,Windsor Furnace Shelter,PA,40.5903023,-75.9419384,1223.5,848,2017-06-23T16:02:00,
SHELTER,Windsor Furnace Shelter,PA,40.5903023,-75.9419384,1223.5,848,2017-06-24T07:52:00,
FEATURE,Pulpit Rock,PA,,,1225.1,1582,2017-06-24T08:41:00,
FEATURE,The Pinnacle,PA,40.612732,-75.912438,1227.3,1615,2017-06-24T10:10:00,
FEATURE,Panther Creek,PA,,,1230.8,1090,2017-06-24T11:40:00,
SHELTER,Eckville Shelter,PA,40.632854,-75.958437,1232.6,692,2017-06-24T12:17:00,
FEATURE,Footbridge,PA,,,1233.1,564,2017-06-24T12:32:00,
FEATURE,Hawk Mountain Trail,PA,,,1234.5,1364,2017-06-24T13:06:00,
FEATURE,Dans Pulpit,PA,,,1235.6,1615,2017-06-24T13:27:00,
SHELTER,Allentown Shelter,PA,40.6830742,-75.8740029,1240,1488,2017-06-24T15:42:00,
FEATURE,Fort Franklin Road,PA,,,1241.9,1350,2017-06-24T16:33:00,
FEATURE,PA 309,PA,,,1244.1,1360,2017-06-24T17:14:00,
FEATURE,PA 309,PA,,,1244.1,1360,2017-06-25T06:41:00,
FEATURE,Powerline,PA,,,1245.9,1431,2017-06-25T07:20:00,
FEATURE,Bake Oven Knob Road,PA,,,1249,1450,2017-06-25T08:55:00,
SHELTER,Bake Oven Knob Shelter,PA,40.7541307,-75.727027,1250,1387,2017-06-25T09:37:00,
FEATURE,Lehigh Furnace Gap,PA,,,1252.4,1320,2017-06-25T11:01:00,
SHELTER,George W. Outerbridge Shelter,PA,40.7824958,-75.6179417,1256.8,948,2017-06-25T12:45:00,
FEATURE,Lehigh River south bank,PA,,,1257.3,422,2017-06-25T13:24:00,
FEATURE,Superfund Trailhead,PA,40.7832,-75.6041,1257.9,492,2017-06-25T13:46:00,
FEATURE,Superfund Detour south end,PA,,,1258.8,1420,2017-06-25T14:31:00,
FEATURE,Superfund Detour north end,PA,,,1261.6,1368,2017-06-25T15:48:00,
FEATURE,Little Gap Rd,PA,40.8062,-75.5346,1262.7,1100,2017-06-25T16:18:00,
FEATURE,Delps Trail,PA,,,1267.5,1580,2017-06-25T16:18:00,
FEATURE,Delps Trail,PA,,,1267.5,1580,2017-06-26T07:08:00,
SHELTER,Leroy A. Smith Shelter,PA,40.8393601,-75.3594183,1273.5,1456,2017-06-26T09:23:00,
FEATURE,Wind Gap,PA,40.8607,-75.2928,1278.1,980,2017-06-26T11:10:00,
FEATURE,Wind Gap,PA,40.8607,-75.2928,1278.1,980,2017-06-27T07:09:00,
SHELTER,Kirkridge Shelter,PA,40.9367036,-75.1864659,1287.2,1440,2017-06-27T11:17:00,
FEATURE,Delaware Water Gap,PA,40.98298,-75.14053,1293.6,386,2017-06-27T11:17:00,
FEATURE,Delaware Water Gap,PA,40.98298,-75.14053,1293.6,386,2017-06-27T11:17:00,
FEATURE,PA-NJ,PA,,,1293.9,278,2017-06-27T14:25:00,
FEATURE,Kittatinny Visitor Center,NJ,,,1294.9,290,2017-06-27T14:48:00,
FEATURE,Holly Spring Trail,NJ,,,1296.8,950,2017-06-27T15:39:00,
FEATURE,Backpacker Campsite,NJ,,,1298.9,1327,2017-06-27T16:14:00,
FEATURE,Sunfish Pond north end,NJ,41.0029,-75.0733,1300.3,1384,2017-06-27T16:52:00,
FEATURE,Powerline,NJ,,,1301.9,1327,2017-06-27T17:43:00,
FEATURE,Kaiser Trail,NJ,,,1302.6,1416,2017-06-27T18:26:00,
FEATURE,Camp Road,NJ,,,1304.4,1109,2017-06-27T19:12:00,
FEATURE,Camp Road,NJ,,,1304.4,1109,2017-06-28T08:33:00,
FEATURE,Catfish Lookout Tower,NJ,,,1306.5,1565,2017-06-28T09:32:00,
FEATURE,Millbrook-Blairstown Road,NJ,,,1307.6,1270,2017-06-28T10:07:00,
FEATURE,Powerline,NJ,,,1308.2,1384,2017-06-28T10:26:00,
FEATURE,Blue Mountain Lakes Road,NJ,,,1311.4,1350,2017-06-28T11:39:00,
FEATURE,Buttermilk Falls Trail,NJ,,,1314.5,1557,2017-06-28T13:11:00,
SHELTER,Brink Shelter,NJ,41.1532025,-74.8377673,1318.4,1229,2017-06-28T15:02:00,
FEATURE,Branchville,NJ,41.17696,-74.791023,1322,935,2017-06-28T16:42:00,
FEATURE,Branchville,NJ,41.17696,-74.791023,1322,935,2017-06-29T12:12:00,
FEATURE,Sunrise Mountain Road,NJ,,,1322.3,972,2017-06-29T12:26:00,
FEATURE,Culver Fire Tower,NJ,,,1323.9,1543,2017-06-29T12:59:00,
SHELTER,Gren Anderson Shelter,NJ,41.1993948,-74.7526601,1325,1333,2017-06-29T13:22:00,
FEATURE,Sunrise Mountain,NJ,,,1327.4,1653,2017-06-29T14:19:00,
SHELTER,Mashipacong Shelter,NJ,41.2521191,-74.6864109,1330.8,1410,2017-06-29T15:40:00,
SHELTER,Rutherford Shelter,NJ,41.2774709,-74.678038,1333.4,1488,2017-06-29T16:40:00,
FEATURE,NJ 23,NJ,,,1336.3,1500,2017-06-29T17:38:00,
FEATURE,Wooden Tower,NJ,,,1337.3,1701,2017-06-29T18:04:00,
SHELTER,High Point Shelter,NJ,41.3277535,-74.643334,1338,1298,2017-06-29T18:23:00,
SHELTER,High Point Shelter,NJ,41.3277535,-74.643334,1338,1298,2017-06-30T06:49:00,
FEATURE,Greenville Road,NJ,,,1339.3,1100,2017-06-30T07:20:00,
FEATURE,Courtwright Road,NJ,,,1340.2,986,2017-06-30T07:37:00,
FEATURE,Fergerson Road,NJ,,,1341.3,874,2017-06-30T08:01:00,
FEATURE,Gemmer Road,NJ,,,1341.9,732,2017-06-30T08:21:00,
FEATURE,Goodrich Road,NJ,,,1342.9,625,2017-06-30T08:46:00,
FEATURE,Murray property,NJ,,,1343.4,653,2017-06-30T08:55:00,
FEATURE,Unionville Road,NJ,,,1344.2,610,2017-06-30T09:29:00,
FEATURE,State Line Road,NJ,,,1347.4,423,2017-06-30T10:42:00,
FEATURE,Liberty Corners Road,NJ,,,1349.9,440,2017-06-30T11:53:00,
SHELTER,Pochuck Mountain Shelter,NJ,41.271666,-74.5158464,1350.4,884,2017-06-30T12:13:00,
FEATURE,Pochuck Mt,NJ,41.268912,-74.514512,1352,1147,2017-06-30T12:53:00,
FEATURE,Lovemma Road,NJ,,,1352.5,880,2017-06-30T13:10:00,
FEATURE,County Road 565,NJ,,,1353.1,720,2017-06-30T13:41:00,
FEATURE,County Rd 517,NJ,41.2357,-74.4805,1354.6,428,2017-06-30T14:08:00,
FEATURE,NJ 94,NJ,41.2193,-74.4551,1356.9,450,2017-06-30T14:49:00,
FEATURE,Wawayanda Mt,NJ,41.204842,-74.403629,1358.3,1340,2017-06-30T15:36:00,
FEATURE,Footbridge,NJ,,,1359.2,994,2017-06-30T15:59:00,
FEATURE,Barrett Road,NJ,,,1360,1140,2017-06-30T16:19:00,
SHELTER,Wawayanda Shelter,NJ,41.2021897,-74.3980628,1361.9,1194,2017-06-30T17:00:00,
SHELTER,Wawayanda Shelter,NJ,41.2021897,-74.3980628,1361.9,1194,2017-07-01T07:33:00,
FEATURE,Warwick Turnpike,NJ,,,1362.4,1140,2017-07-01T07:46:00,
FEATURE,Long House Drive,NJ,,,1363.8,1115,2017-07-01T08:24:00,
FEATURE,NJ NY,NJ,,,1366,1385,2017-07-01T09:24:00,
FEATURE,Furnace Brook,NY,,,1367.3,1157,2017-07-01T10:13:00,
FEATURE,Cascade Brook,NY,,,1369,1185,2017-07-01T11:21:00,
FEATURE,Powerline,NY,,,1371.5,1199,2017-07-01T12:24:00,
FEATURE,NY 17A,NY,41.2443,-74.2869,1372,1180,2017-07-01T12:34:00,
FEATURE,NY 17A,NY,41.2443,-74.2869,1372,1180,2017-07-02T11:43:00,
SHELTER,Wildcat Shelter,NY,41.2683493,-74.2678444,1374,1070,2017-07-02T12:32:00,
FEATURE,Lakes Road,NY,,,1375.5,680,2017-07-02T13:03:00,
FEATURE,Allis Trail,NY,,,1377.1,1255,2017-07-02T13:47:00,
FEATURE,Mombasha High Point,NY,,,1377.8,1280,2017-07-02T14:08:00,
FEATURE,West Mombasha Road,NY,,,1379,933,2017-07-02T14:37:00,
FEATURE,Buchanan Mountain,NY,,,1379.9,1142,2017-07-02T15:14:00,
FEATURE,East Mombasha Road,NY,,,1380.7,840,2017-07-02T15:38:00,
FEATURE,Orange Turnpike,NY,,,1382.1,780,2017-07-02T16:27:00,
FEATURE,NY 17,NY,41.267213,-74.159052,1383.9,550,2017-07-02T17:41:00,
FEATURE,Island Pond Road,NY,,,1385.6,1008,2017-07-02T18:27:00,
FEATURE,Island Pond Mountain,NY,,,1386.5,1298,2017-07-02T18:45:00,
FEATURE,NY Long Path,NY,,,1386.9,1055,2017-07-02T18:55:00,
SHELTER,Fingerboard Shelter,NY,41.2632811,-74.1039993,1388.3,1348,2017-07-02T19:34:00,
SHELTER,Fingerboard Shelter,NY,41.2632811,-74.1039993,1388.3,1348,2017-07-03T06:43:00,
FEATURE,Arden Valley Road,NY,,,1389.4,1196,2017-07-03T07:12:00,
FEATURE,Woods Road,NY,,,1390.1,1027,2017-07-03T07:57:00,
FEATURE,Seven Lakes Drive,NY,,,1391.6,850,2017-07-03T08:28:00,
SHELTER,William Brien Memorial Shelter,NY,41.2796995,-74.0594404,1393.6,1075,2017-07-03T09:18:00,
FEATURE,Black Mountain,NY,,,1394.9,1192,2017-07-03T10:02:00,
FEATURE,Palisades Parkway,NY,,,1395.7,680,2017-07-03T10:26:00,
SHELTER,West Mountain Shelter,NY,41.2840954,-74.0106693,1396.8,1221,2017-07-03T11:26:00,
FEATURE,Seven Lakes Drive,NY,,,1398.6,610,2017-07-03T12:27:00,
FEATURE,Perkins Memorial Drive,NY,,,1399.2,794,2017-07-03T12:46:00,
FEATURE,Bear Mountain,NY,41.3112,-74.0072,1401,1305,2017-07-03T13:25:00,
FEATURE,Hessian Lake,NY,,,1402.9,190,2017-07-03T14:42:00,
FEATURE,Bear cage,NY,,,1403.3,177,2017-07-03T15:12:00,
FEATURE,Bear Mountain Bridge north end,NY,41.320045,-73.990024,1404.3,198,2017-07-03T15:49:00,
FEATURE,Camp Smith Trail,NY,,,1405,727,2017-07-03T16:07:00,
FEATURE,Manitou Road,NY,,,1406.2,460,2017-07-03T16:55:00,
FEATURE,US 9 + NY 403,NY,41.350718,-73.925995,1409.6,400,2017-07-03T18:06:00,
FEATURE,Franciscan Way,NY,,,1410.2,540,2017-07-03T18:19:00,
FEATURE,Franciscan Way,NY,,,1410.2,540,2017-07-04T09:09:00,
FEATURE,Clarence Fahnestock SP,NY,,,1424,998,2017-07-04T15:12:00,
FEATURE,Shenandoah Mountain,NY,,,1426.2,1282,2017-07-04T15:59:00,
SHELTER,RPH Shelter,NY,41.5143776,-73.7924771,1429,357,2017-07-04T17:08:00,
SHELTER,Hosner Mountain Road,NY,,,1432.5,500,2017-07-04T19:43:00,
FEATURE,NY 52,NY,41.541,-73.7328,1434.1,800,2017-07-04T20:16:00,
FEATURE,NY 52,NY,41.541,-73.7328,1434.1,800,2017-07-08T07:24:00,
SHELTER,Morgan Stewart Memorial Shelter,NY,41.5645419,-73.6916941,1438,1311,2017-07-08T09:07:00,
FEATURE,Depot Hill Road,NY,,,1439.1,1230,2017-07-08T09:32:00,
FEATURE,NY 55,NY,41.5897,-73.6592,1441.3,720,2017-07-08T10:29:00,
SHELTER,Telephone Pioneers Shelter,NY,41.6042669,-73.6188684,1445.8,902,2017-07-08T12:34:00,
FEATURE,County Road 20,NY,,,1446.5,565,2017-07-08T12:50:00,
FEATURE,NY 22,NY,41.5938,-73.5871,1448.9,480,2017-07-08T13:59:00,
FEATURE,Hurd Corners Road,NY,,,1449.1,480,2017-07-08T14:06:00,
SHELTER,Wiley Shelter,NY,41.6377394,-73.5322772,1454.6,701,2017-07-08T16:14:00,
FEATURE,Hoyt Road,NY,,,1455.8,400,2017-07-08T17:05:00,
FEATURE,CT 55,CT,41.6447,-73.5193,1456.4,445,2017-07-08T17:22:00,
FEATURE,Ten Mile Hill,CT,,,1457.6,1000,2017-07-08T17:53:00,
SHELTER,Ten Mile River Lean-to,CT,41.6650626,-73.5094805,1458.6,277,2017-07-08T18:13:00,
SHELTER,Ten Mile River Lean-to,CT,41.6650626,-73.5094805,1458.6,277,2017-07-09T07:10:00,
FEATURE,Bulls Bridge Road,CT,,,1459.9,366,2017-07-09T07:40:00,
FEATURE,View,NY,,,1461.7,1205,2017-07-09T08:38:00,
FEATURE,NY CT,NY,,,1463.1,1223,2017-07-09T09:43:00,
FEATURE,Schaghticoke Mountain Campsite,CT,,,1464.1,904,2017-07-09T10:29:00,
SHELTER,Mt. Algo Lean-to,CT,41.7316445,-73.4961982,1467,638,2017-07-09T12:15:00,
FEATURE,Skiff Mountain Road,CT,,,1470.1,771,2017-07-09T14:26:00,
FEATURE,Calebs Peak,CT,,,1470.8,1124,2017-07-09T15:04:00,
FEATURE,River Road south end,CT,,,1472,382,2017-07-09T15:55:00,
SHELTER,Stewart Hollow Brook Lean-to,CT,41.7785903,-73.4193254,1474.3,398,2017-07-09T17:00:00,
FEATURE,Dawn Hill Road,CT,,,1476.9,583,2017-07-09T18:24:00,
FEATURE,Silver Hill Campsite,CT,,,1477.6,926,2017-07-09T18:43:00,
FEATURE,Silver Hill Campsite,CT,,,1477.6,926,2017-07-10T07:32:00,
FEATURE,CT 4,CT,41.823013,-73.386645,1478.4,700,2017-07-10T08:00:00,
FEATURE,Breadloaf Trail,CT,,,1478.7,944,2017-07-10T08:12:00,
FEATURE,Hatch Brook,CT,,,1479.8,880,2017-07-10T08:38:00,
FEATURE,Caesar Road,CT,,,1481,798,2017-07-10T09:13:00,
FEATURE,West Cornwall Rd,CT,41.872937,-73.390485,1483.2,849,2017-07-10T10:19:00,
SHELTER,Pine Swamp Brook Lean-to,CT,41.8816194,-73.3916426,1484.3,1087,2017-07-10T10:53:00,
FEATURE,Mt Easter Road,CT,,,1485.2,1150,2017-07-10T11:15:00,
FEATURE,Sharon Mountain Campsite,CT,,,1486.7,1134,2017-07-10T11:50:00,
FEATURE,Hang Glider View,CT,,,1487.5,1103,2017-07-10T12:11:00,
FEATURE,US 7,CT,41.9327,-73.3635,1489.9,520,2017-07-10T13:34:00,
SHELTER,Limestone Spring Lean-to,CT,41.9751184,-73.3918416,1495.6,1304,2017-07-10T16:35:00,
FEATURE,Undermountain Rd,CT,41.9941,-73.42685,1500,720,2017-07-10T18:35:00,
FEATURE,Undermountain Rd,CT,41.9941,-73.42685,1500,720,2017-07-11T10:03:00,
FEATURE,Lions Head Trail,CT,,,1502.1,1496,2017-07-11T11:10:00,
SHELTER,Riga Lean-to,CT,42.0145809,-73.4477093,1503,1646,2017-07-11T11:35:00,
SHELTER,Brassie Brook Lean-to,CT,42.0283133,-73.4531448,1504.2,1733,2017-07-11T12:03:00,
FEATURE,Bear Mountain Road,CT,,,1504.9,1920,2017-07-11T12:20:00,
FEATURE,Bear Mountain,CT,42.044861,-73.454394,1505.2,2316,2017-07-11T12:36:00,
FEATURE,Paradise Lane Trail,CT,,,1505.8,1694,2017-07-11T13:14:00,
FEATURE,Sages Ravine,MA,,,1506.4,1474,2017-07-11T13:46:00,
FEATURE,Laurel Ridge Campsite,MA,,,1507.7,1608,2017-07-11T14:09:00,
FEATURE,Mt Race,MA,,,1509.7,2365,2017-07-11T14:59:00,
SHELTER,The Hemlocks Lean-to,MA,42.1099058,-73.4290072,1512.6,1916,2017-07-11T16:41:00,
SHELTER,Glen Brook Lean-to,MA,42.1111405,-73.4283271,1512.7,1941,2017-07-11T16:43:00,
FEATURE,MA 41,MA,42.146138,-73.416482,1517,810,2017-07-11T18:52:00,
FEATURE,US 7 (Great Barrington),MA,42.147224,-73.363348,1520.6,675,2017-07-11T20:40:00,
SHELTER,Tom Leonard Lean-to,MA,42.1648154,-73.3057738,1527,1561,,
FEATURE,MA 23,MA,42.1844,-73.2907,1529,1050,,
SHELTER,Mt. Wilcox South Lean-to,MA,42.2077997,-73.2680723,1532.3,1819,,
SHELTER,Mt. Wilcox North Lean-to,MA,42.2210009,-73.2500875,1534.1,2067,,
FEATURE,Main Rd,MA,42.2354,-73.1945,1541.2,995,,
SHELTER,Upper Goose Pond Cabin,MA,42.2886577,-73.1812741,1548.1,1552,,
FEATURE,US 20,MA,42.293,-73.1614,1549.7,1400,,
SHELTER,October Mountain Lean-to,MA,42.3548505,-73.1540631,1556.9,1907,,
FEATURE,Washington Mtn Rd,MA,42.377,-73.1507,1559.2,2000,,
SHELTER,Kay Wood Lean-to,MA,42.4524847,-73.1614318,1565.7,1757,,
FEATURE,"MA 8 & 9, Dalton, MA",MA,42.474209,-73.15948,1568.7,1145,,
FEATURE,"Main St + School St, Chesire, MA",MA,42.56215,-73.157707,1577.5,978,,
SHELTER,Mark Noepel Lean-to,MA,42.6085306,-73.1840666,1582.6,2823,,
FEATURE,Mt Greylock,MA,42.6376,-73.1662,1585.9,3491,,
SHELTER,Wilbur Clearing Lean-to,MA,42.6684803,-73.169763,1589.2,2275,,
FEATURE,"Hoosic River, MA 2",MA,42.699,-73.1535,1592.2,660,,
SHELTER,Seth Warner Shelter,VT,42.7718212,-73.1371042,1599.1,2229,,
SHELTER,Congdon Shelter,VT,42.848027,-73.1098984,1606.3,2088,,
FEATURE,VT 9,VT,42.8851,-73.1153,1610.6,1359,,
SHELTER,Melville Nauheim Shelter,VT,42.8877598,-73.0957097,1612.2,2424,,
SHELTER,Goddard Shelter,VT,42.9741132,-73.072156,1620.7,3566,,
FEATURE,Glastenbury Mtn,VT,42.977928,-73.071635,1621,3748,,
SHELTER,Kid Gore Shelter,VT,43.013011,-73.0410989,1625,2784,,
SHELTER,Story Spring Shelter,VT,43.0505177,-73.0125342,1629.6,2803,,
FEATURE,Stratton Mtn,VT,43.086218,-72.925101,1637,3936,,
SHELTER,Stratton Pond Shelter,VT,43.1013834,-72.9683113,1640,2622,,
SHELTER,William B. Douglas Shelter,VT,43.1444805,-72.9909392,1644.9,2286,,
SHELTER,Spruce Peak Shelter,VT,43.1785732,-72.9952017,1647.9,2190,,
FEATURE,VT 11 & 30,VT,43.2068,-72.9707,1650.7,1840,,
SHELTER,Bromley Shelter,VT,43.22238,-72.95048,1652.7,2535,,
FEATURE,Bromley Mtn,VT,43.227942,-72.940079,1653.7,3260,,
SHELTER,Peru Peak Shelter,VT,43.3012945,-72.9523941,1660.8,2597,,
SHELTER,Lost Pond Shelter,VT,43.3476,-72.95256,1665.5,2194,,
SHELTER,Old Job Shelter,VT,43.3540508,-72.9284574,1667,1531,,
SHELTER,Big Branch Shelter,VT,43.3640482,-72.9464144,1667.2,1486,,
FEATURE,Danby-Landgrove Rd,VT,43.3727,-72.9627,1668.3,1523,,
SHELTER,Little Rock Pond Shelter,VT,43.4041957,-72.9531293,1670.5,1794,,
SHELTER,Greenwall Shelter,VT,43.4404004,-72.9286539,1675.3,2089,,
FEATURE,VT 140,VT,43.4567,-72.9329,1676.8,1119,,
SHELTER,Minerva Hinchey Shelter,VT,43.4877651,-72.924512,1680.4,1597,,
FEATURE,VT 103,VT,43.5214,-72.9258,1683.1,860,,
SHELTER,Clarendon Shelter,VT,43.5235048,-72.9126323,1684.1,1254,,
SHELTER,Governor Clement Shelter,VT,43.5645389,-72.8482911,1690.2,1908,,
SHELTER,Cooper Lodge,VT,43.6059204,-72.8224568,1694.5,3908,,
SHELTER,Pico Camp Shelter,VT,43.6389,-72.83101,1697,3461,,
SHELTER,Churchill Scott Shelter,VT,43.64489,-72.85339,1698.9,2601,,
FEATURE,US 4,VT,43.6666,-72.85,1700.8,1880,,
FEATURE,VT 100,VT,43.6743,-72.8096,1704.1,1618,,
SHELTER,Stony Brook Shelter,VT,43.6917617,-72.7300992,1710.8,1759,,
SHELTER,Wintturi Shelter,VT,43.6621517,-72.6220788,1720.7,2058,,
FEATURE,"Barnard Gulf Rd, VT 12",VT,43.65547,-72.566424,1724.5,886,,
FEATURE,Woodstock Stage Rd,VT,43.671683,-72.553568,1726.7,820,,
SHELTER,Thistle Hill Shelter,VT,43.6951404,-72.4752994,1733,1754,,
FEATURE,"White River, VT 14",VT,43.712237,-72.417374,1737.8,392,,
SHELTER,Happy Hill Shelter,VT,43.7238454,-72.3651575,1741.8,1409,,
FEATURE,"Main St, Norwich, VT",VT,43.713158,-72.308235,1746.2,512,,
FEATURE,"Hanover, NH",NH,43.702579,-72.287685,1747.7,520,,
SHELTER,Velvet Rocks Shelter,NH,43.7024433,-72.2646545,1749.1,907,,
SHELTER,Moose Mountain Shelter,NH,43.7277929,-72.1469437,1758.6,2113,,
SHELTER,Trapper John Shelter,NH,43.7829969,-72.1114604,1764.3,1501,,
FEATURE,Grafton Turnpike/Dorchester Rd,NH,43.79,-72.1,1750.3,880,,
SHELTER,Smarts Mtn/ Cabin,NH,43.8252602,-72.0373284,1771,3218,,
SHELTER,Hexacuba Shelter,NH,43.8739725,-72.0290049,1776.3,2051,,
FEATURE,Mt Cube,NH,43.885455,-72.023951,1777.9,2911,,
FEATURE,NH 25A,NH,43.9013,-71.9838,1781.3,911,,
SHELTER,Ore Hill Campsite,NH,43.9635708,-71.9404758,1783.8,1878,,
FEATURE,NH 25,NH,43.9899,-71.8995,1791.1,1043,,
SHELTER,Jeffers Brook Shelter,NH,43.9965228,-71.888904,1792,1308,,
FEATURE,Mt Moosilauke,NH,44.0244,-71.8314,1796.6,4802,,
SHELTER,Beaver Brook Shelter,NH,44.0329294,-71.811269,1798.9,3732,,
SHELTER,Eliza Brook Campsite Shelter,NH,44.1007461,-71.7418222,1807.9,2386,,
FEATURE,South Kinsman Mtn,NH,44.122965,-71.736553,1810.4,4358,,
FEATURE,North Kinsman Mtn,NH,44.13337,-71.736915,1811.3,4293,,
SHELTER,Kinsman Pond Shelter,NH,44.1368156,-71.732298,1811.9,3746,,
HUT,Lonesome Lake Hut,NH,44.138424,-71.7031204,1813.7,2747,,
FEATURE,Franconia Notch,NH,44.1002,-71.6825,1816.7,1432,,
FEATURE,Little Haystack Mnt,NH,44.1406,-71.645,1821.4,4800,,
FEATURE,Mt Lincoln,NH,44.1488,-71.6445,1822.1,5089,,
FEATURE,Mt Lafayette,NH,44.1608,-71.6444,1823.1,5263,,
FEATURE,Mt Garfield,NH,44.187219,-71.610836,1826.6,4458,,
SHELTER,Garfield Ridge Campsite Shelter,NH,44.1905969,-71.6082785,1827,3933,,
HUT,Galehead Hut,NH,44.1877771,-71.5688513,1829.7,3800,,
FEATURE,South Twin Mtn,NH,44.188,-71.555,1830.5,4902,,
SHELTER,Guyot Campsite Shelter,NH,44.1609388,-71.5350304,1832.5,4515,,
HUT,Zealand Falls Hut,NH,44.1956787,-71.4942788,1836.6,2617,,
SHELTER,Ethan Pond Campsite Shelter,NH,44.1771552,-71.4265946,1841.5,2855,,
FEATURE,Mt Webster,NH,44.194751,-71.388224,1847.7,3910,,
HUT,Mizpah Spring Hut,NH,44.2193032,-71.3695671,1850.8,3800,,
FEATURE,Mt Franklin,NH,44.249906,-71.331242,1854.4,5004,,
HUT,Lake of the Clouds Hut,NH,44.2589059,-71.3187937,1855.4,5047,,
FEATURE,Mt Washington,NH,44.270527,-71.303423,1856.9,6288,,
HUT,Madison Springs Hut,NH,44.3277294,-71.2829311,1862.6,4800,,
FEATURE,Mt Madison,NH,44.3283,-71.2783,1863.1,5366,,
FEATURE,"Pinkham Notch, NH 16",NH,44.2569,-71.2526,1870.4,2050,,
FEATURE,Wildcat Mtn Peak D,NH,44.248997,-71.224751,1873.4,3990,,
FEATURE,Wildcat Mtn Peak A,NH,44.2592,-71.202,1875.4,4422,,
FEATURE,Carter Dome,NH,44.2673,-71.179,1877.5,4832,,
FEATURE,Middle Carter Mtn,NH,44.303054,-71.167757,1881,4610,,
FEATURE,North Carter Mtn,NH,44.31306,-71.165,1881.6,4539,,
SHELTER,Imp Campsite Shelter,NH,44.3288655,-71.1500395,1883.5,3326,,
FEATURE,Mt Moriah,NH,44.340522,-71.131776,1885.6,3976,,
SHELTER,Rattle River Shelter,NH,44.3799002,-71.107435,1889.6,1258,,
FEATURE,US 2,NH,44.4008,-71.1098,1891.5,780,,
SHELTER,Gentian Pond Campsite Shelter,NH,44.4517145,-71.069334,1903.3,2162,,
SHELTER,Carlo Col Shelter,ME,44.4885558,-71.0161254,1908.5,3191,,
FEATURE,Goose Eye Mtn west peak,ME,44.50282,-70.999506,1910.3,3810,,
SHELTER,Full Goose Shelter,ME,44.5250632,-70.9807987,1912.9,2948,,
FEATURE,Mahoosic Notch south end,ME,44.5384,-70.9894,1914.5,2492,,
FEATURE,Mahoosic Arm,ME,44.5601,-70.9763,1917.1,3770,,
SHELTER,Speck Pond Shelter,ME,44.56458,-70.9735313,1918,3419,,
SHELTER,Baldpate Lean-to,ME,44.598335,-70.9117305,1924.9,2665,,
FEATURE,Baldpate east peak,ME,44.609287,-70.892316,1926.6,3810,,
SHELTER,Frye Notch Lean-to,ME,44.6276852,-70.9002766,1928.4,2283,,
FEATURE,East B Hill Rd,ME,44.6683,-70.8932,1932.9,1485,,
FEATURE,Wyman Mtn,ME,44.680597,-70.83522,1937.6,2920,,
SHELTER,Hall Mountain Lean-to,ME,44.7007999,-70.8245467,1938.9,2629,,
FEATURE,Old Blue Mtn,ME,44.747119,-70.765595,1945.8,3600,,
FEATURE,Bemis Mtn,ME,44.7965,-70.7667,1950,3550,,
SHELTER,Bemis Mountain Lean-to,ME,44.8102572,-70.7558946,1951.7,2826,,
FEATURE,ME 17,ME,44.8364,-70.71,1956.2,2206,,
SHELTER,Sabbath Day Pond Lean-to,ME,44.8409974,-70.6622897,1960,2377,,
FEATURE,ME 4,ME,44.8869,-70.5405,1969.4,1613,,
SHELTER,Piazza Rock Lean-to,ME,44.9040736,-70.530834,1971.2,2088,,
FEATURE,Saddleback Mtn,ME,44.936559,-70.504671,1975.1,4120,,
SHELTER,Poplar Ridge Lean-to,ME,44.9699884,-70.4457569,1980.1,2948,,
SHELTER,Spaulding Mountain Lean-to,ME,44.9957089,-70.3412371,1988.1,3122,,
FEATURE,Spaulding Mtn,ME,45.003004,-70.333539,1989.1,3894,,
FEATURE,Sugarloaf Mtn,ME,45.031808,-70.313247,1991.2,3645,,
FEATURE,Crocker Mtn North,ME,45.047233,-70.382836,1996.4,4228,,
FEATURE,ME 27,ME,45.1034,-70.3569,2001.6,1396,,
SHELTER,Horns Pond Lean-tos,ME,45.1441906,-70.3300384,2006.7,3165,,
FEATURE,Mt Bigelow W. Peak,ME,45.146771,-70.288172,2009.3,4145,,
SHELTER,Little Bigelow Lean-to,ME,45.1390726,-70.1910519,2016.9,1792,,
SHELTER,West Carry Pond Lean-to,ME,45.1580262,-70.0997616,2024.6,1325,,
SHELTER,Pierce Pond Lean-to,ME,45.2402893,-70.0554481,2034.6,1207,,
FEATURE,US 201,ME,45.2384,-69.9963,2038.6,520,,
SHELTER,Pleasant Pond Lean-to,ME,45.2705515,-69.9161821,2044.3,1373,,
SHELTER,Bald Mountain Brook Lean-to,ME,45.25854,-69.79993,2053.3,1312,,
SHELTER,Moxie Bald Lean-to,ME,45.270545,-69.7451641,2057.4,1224,,
SHELTER,Horseshoe Canyon Lean-to,ME,45.2827428,-69.6275041,2066.3,780,,
FEATURE,ME 15,ME,45.3309,-69.5354,2075.3,1215,,
SHELTER,Leeman Brook Lean-to,ME,45.3515279,-69.4986392,2078.3,1062,,
SHELTER,Wilson Valley Lean-to,ME,45.3979119,-69.4594822,2085.7,951,,
SHELTER,Long Pond Stream Lean-to,ME,45.4218846,-69.4095334,2090.4,914,,
FEATURE,Barren Mtn,ME,45.415646,-69.370468,2093.5,2660,,
SHELTER,Cloud Pond Lean-to,ME,45.4188708,-69.3515998,2094.4,2483,,
SHELTER,Chairback Gap Lean-to,ME,45.4528768,-69.2620895,2101.3,1960,,
FEATURE,Chairback Mtn,ME,45.456459,-69.256117,2101.8,2180,,
SHELTER,Carl A. Newhall Lean-to,ME,45.5304459,-69.3149014,2111.2,1923,,
FEATURE,White Cap Mtn,ME,45.554633,-69.246405,2117,3650,,
SHELTER,Logan Brook Lean-to,ME,45.5610952,-69.2347481,2118.4,2386,,
SHELTER,East Branch Lean-to,ME,45.5967135,-69.1981668,2122,1242,,
SHELTER,Cooper Brook Falls Lean-to,ME,45.6404803,-69.0873432,2130.1,928,,
SHELTER,Potaywadjo Spring Lean-to,ME,45.7065263,-69.0072718,2141.5,637,,
SHELTER,Wadleigh Stream Lean-to,ME,45.7472798,-69.1445512,2151.6,685,,
SHELTER,Rainbow Stream Lean-to,ME,45.7990376,-69.1704068,2159.7,1002,,
FEATURE,Little Beaver Pond,ME,,,2166.9,1085,,
SHELTER,Hurd Brook Lean-to,ME,45.8184781,-69.0184048,2171.2,701,,
FEATURE,Bog Bridge,ME,,,2173.9,606,,
FEATURE,Abol Bridge,ME,,,2174.7,560,,
FEATURE,Big Niagara Falls,ME,,,2181.1,930,,
FEATURE,Daicey Pond Nature Trail,ME,,,2182.1,1078,,
FEATURE,Grassy Pond Trail,ME,,,2183.6,1063,,
SHELTER,The Birches Shelters,ME,45.8815981,-68.995052,2184.6,1089,,
FEATURE,Owl Trail,ME,,,2185.8,1548,,
FEATURE,Abol Trail,ME,,,2188.8,4620,,
FEATURE,Mt Katahdin,ME,45.904362,-68.921392,2189.8,5268,,